stock_id,month_id,date,proba_lr,pred_lr,proba_rf,pred_rf,proba_hgb,pred_hgb
US001,2023-07,2023-07-28,0.4459786453202162,0,0.5625,1,0.25535771805341445,0
US002,2023-07,2023-07-28,0.39975487852243535,0,0.5575,1,0.3242513119561776,0
US003,2023-07,2023-07-28,0.42937330637220494,0,0.4075,0,0.20993963666888335,0
US004,2023-07,2023-07-28,0.4245293220682607,0,0.55,1,0.36510161459752194,0
US005,2023-07,2023-07-28,0.4578480627853689,0,0.495,0,0.18658445729224468,0
US006,2023-07,2023-07-28,0.4530469554335784,0,0.5775,1,0.5556419725946508,1
US007,2023-07,2023-07-28,0.4666778513323828,0,0.5875,1,0.2996493090635459,0
US008,2023-07,2023-07-28,0.40003481546630193,0,0.4575,0,0.20484390114381787,0
US009,2023-07,2023-07-28,0.4399515062114939,0,0.3625,0,0.1782621870648209,0
US010,2023-07,2023-07-28,0.4261547834401978,0,0.4825,0,0.3066100401189402,0
US011,2023-07,2023-07-28,0.44562608119831504,0,0.4475,0,0.284732229647727,0
US012,2023-07,2023-07-28,0.42120768456714863,0,0.595,1,0.3875726254787086,0
US013,2023-07,2023-07-28,0.4278403969723936,0,0.3875,0,0.15166016638993193,0
US014,2023-07,2023-07-28,0.3785916350204403,0,0.5375,1,0.27029605317915173,0
US015,2023-07,2023-07-28,0.40302403858682295,0,0.52,1,0.26065994299103784,0
US016,2023-07,2023-07-28,0.3709050890532819,0,0.5875,1,0.38470339022295685,0
US017,2023-07,2023-07-28,0.4299853361836771,0,0.5,1,0.28476182609167705,0
US018,2023-07,2023-07-28,0.40024626249360346,0,0.4475,0,0.16367605761731255,0
US019,2023-07,2023-07-28,0.44305408779186417,0,0.395,0,0.27849725187860436,0
US020,2023-07,2023-07-28,0.40546885709812724,0,0.515,1,0.2547893619966726,0
US021,2023-07,2023-07-28,0.41142779890026443,0,0.5575,1,0.306549340934916,0
US022,2023-07,2023-07-28,0.4131006060152193,0,0.3225,0,0.2573481731004245,0
US023,2023-07,2023-07-28,0.44219249305919417,0,0.6275,1,0.7345587031686741,1
US024,2023-07,2023-07-28,0.42436247023998946,0,0.5125,1,0.1877918524583947,0
US025,2023-07,2023-07-28,0.38248920946596127,0,0.435,0,0.24677560193634474,0
US026,2023-07,2023-07-28,0.40385482388636396,0,0.4575,0,0.37699206442766264,0
US027,2023-07,2023-07-28,0.4135402381154677,0,0.3725,0,0.14518518423513416,0
US028,2023-07,2023-07-28,0.4049961567321376,0,0.325,0,0.19201622683679329,0
US029,2023-07,2023-07-28,0.4159315904995702,0,0.4725,0,0.24885619680807994,0
US030,2023-07,2023-07-28,0.3943437978167048,0,0.4925,0,0.25735540399083895,0
US031,2023-07,2023-07-28,0.38829568202068687,0,0.415,0,0.2585798818638814,0
US032,2023-07,2023-07-28,0.42487879058686245,0,0.425,0,0.3192670103796879,0
US033,2023-07,2023-07-28,0.4249367702545506,0,0.5025,1,0.20927475678800464,0
US034,2023-07,2023-07-28,0.42959736558566697,0,0.445,0,0.14546130852767664,0
US035,2023-07,2023-07-28,0.43464926380911345,0,0.525,1,0.253428693238921,0
US036,2023-07,2023-07-28,0.4216455999348328,0,0.38,0,0.2001809795499614,0
US037,2023-07,2023-07-28,0.4064307240636799,0,0.4075,0,0.09186475416941561,0
US038,2023-07,2023-07-28,0.4430029272152913,0,0.425,0,0.5146322304745495,1
US039,2023-07,2023-07-28,0.4574032400779469,0,0.5,1,0.4806452685487822,0
US040,2023-07,2023-07-28,0.44089546849886024,0,0.5725,1,0.5601798485586931,1
US041,2023-07,2023-07-28,0.4072785886578013,0,0.55,1,0.22073085860113675,0
US042,2023-07,2023-07-28,0.414507879573729,0,0.33,0,0.1908023766509687,0
US043,2023-07,2023-07-28,0.39025194167684774,0,0.475,0,0.17854756002648306,0
US044,2023-07,2023-07-28,0.44732011131882715,0,0.59,1,0.2632186880426141,0
US045,2023-07,2023-07-28,0.4228358956487899,0,0.335,0,0.17632444486169066,0
US046,2023-07,2023-07-28,0.405380102114665,0,0.415,0,0.1982513464394905,0
US047,2023-07,2023-07-28,0.4011485429694641,0,0.55,1,0.19168832223341128,0
US048,2023-07,2023-07-28,0.36338631725085485,0,0.3775,0,0.4008689725046913,0
US049,2023-07,2023-07-28,0.448778106178084,0,0.58,1,0.32103299582386524,0
US050,2023-07,2023-07-28,0.4325247715473419,0,0.41,0,0.3627608955647733,0
US051,2023-07,2023-07-28,0.43476189724598746,0,0.4625,0,0.28674306532389543,0
US052,2023-07,2023-07-28,0.40908280990015267,0,0.385,0,0.3512183436435613,0
US053,2023-07,2023-07-28,0.4043176067898953,0,0.435,0,0.3237330918427125,0
US054,2023-07,2023-07-28,0.4306022208302535,0,0.5725,1,0.41916827046170524,0
US055,2023-07,2023-07-28,0.42891654622647973,0,0.4525,0,0.07992728610633186,0
US056,2023-07,2023-07-28,0.43400973428549217,0,0.5,1,0.30286749675321695,0
US057,2023-07,2023-07-28,0.41851124309773235,0,0.4425,0,0.1878190643188821,0
US058,2023-07,2023-07-28,0.3942108339999119,0,0.395,0,0.2443423650067539,0
US059,2023-07,2023-07-28,0.4128510458195336,0,0.455,0,0.2620712636084717,0
US060,2023-07,2023-07-28,0.4388855317000169,0,0.375,0,0.14451896596029937,0
US061,2023-07,2023-07-28,0.4462110076950244,0,0.55,1,0.25608338779230516,0
US062,2023-07,2023-07-28,0.40124156420373563,0,0.475,0,0.33668456247480355,0
US063,2023-07,2023-07-28,0.4103515317667462,0,0.4775,0,0.2642823276526773,0
US064,2023-07,2023-07-28,0.41841117975021225,0,0.4525,0,0.29019278562654816,0
US065,2023-07,2023-07-28,0.40731123615118314,0,0.4325,0,0.23688129296345328,0
US066,2023-07,2023-07-28,0.4086912287442525,0,0.5475,1,0.20949584094808787,0
US067,2023-07,2023-07-28,0.4057579648781102,0,0.45,0,0.21228514213971414,0
US068,2023-07,2023-07-28,0.4506423890230078,0,0.4675,0,0.27299950253334715,0
US069,2023-07,2023-07-28,0.427996242357906,0,0.51,1,0.29522068757560166,0
US070,2023-07,2023-07-28,0.4090122419994861,0,0.4275,0,0.2139358215460915,0
US071,2023-07,2023-07-28,0.40949217880527644,0,0.5125,1,0.2965819819038928,0
US072,2023-07,2023-07-28,0.4826335721756899,0,0.6,1,0.7257235190253721,1
US073,2023-07,2023-07-28,0.3983123259786595,0,0.4475,0,0.20148087727026168,0
US074,2023-07,2023-07-28,0.4020972212014838,0,0.3475,0,0.37317272727679207,0
US075,2023-07,2023-07-28,0.41093255101185544,0,0.4325,0,0.30255160263650466,0
US076,2023-07,2023-07-28,0.4388677499120015,0,0.575,1,0.661090996744238,1
US077,2023-07,2023-07-28,0.4226159604829016,0,0.48,0,0.32579116628109844,0
US078,2023-07,2023-07-28,0.38759536177513915,0,0.5275,1,0.16921497484074907,0
US079,2023-07,2023-07-28,0.4190902073585167,0,0.46,0,0.288505697961402,0
US080,2023-07,2023-07-28,0.46261119552004437,0,0.56,1,0.34121809354217514,0
US081,2023-07,2023-07-28,0.4254189645899063,0,0.4975,0,0.29381419977138656,0
US082,2023-07,2023-07-28,0.4132691367882998,0,0.4925,0,0.24279927198905274,0
US083,2023-07,2023-07-28,0.4284998945347165,0,0.4625,0,0.17896765989393246,0
US084,2023-07,2023-07-28,0.4120920981778395,0,0.38,0,0.2238433962009362,0
US085,2023-07,2023-07-28,0.4252504493057824,0,0.505,1,0.5537984380662696,1
US086,2023-07,2023-07-28,0.4237904561965666,0,0.6725,1,0.6904964769680245,1
US087,2023-07,2023-07-28,0.454741981270662,0,0.6575,1,0.7810414140294548,1
US088,2023-07,2023-07-28,0.42962677614768024,0,0.45,0,0.3002407252564291,0
US089,2023-07,2023-07-28,0.4139862843435618,0,0.575,1,0.2744077870898059,0
US090,2023-07,2023-07-28,0.4135012133505667,0,0.3625,0,0.23273729478884514,0
US091,2023-07,2023-07-28,0.3977252828437672,0,0.435,0,0.26709936169524384,0
US092,2023-07,2023-07-28,0.4045729300786305,0,0.4175,0,0.3408517703471684,0
US093,2023-07,2023-07-28,0.43576218820050205,0,0.41,0,0.5925641773683648,1
US094,2023-07,2023-07-28,0.38949648112885216,0,0.5125,1,0.23523404836551232,0
US095,2023-07,2023-07-28,0.39259164784362016,0,0.38,0,0.2969291494177576,0
US096,2023-07,2023-07-28,0.4199115372214858,0,0.49,0,0.19527007384697356,0
US097,2023-07,2023-07-28,0.41139226392899686,0,0.4325,0,0.35549359776812445,0
US098,2023-07,2023-07-28,0.4009648692525036,0,0.4175,0,0.17635045450050846,0
US099,2023-07,2023-07-28,0.3652725661334588,0,0.4375,0,0.21203903778992775,0
US100,2023-07,2023-07-28,0.4519384838626773,0,0.4775,0,0.14722209515848153,0
US101,2023-07,2023-07-28,0.4540164424612971,0,0.4325,0,0.4370696251130841,0
US102,2023-07,2023-07-28,0.43513750809274343,0,0.3975,0,0.24680435787689253,0
US103,2023-07,2023-07-28,0.39860031009899877,0,0.425,0,0.16601240244403714,0
US104,2023-07,2023-07-28,0.4078252370563826,0,0.5525,1,0.3798066558867165,0
US105,2023-07,2023-07-28,0.44219219363109136,0,0.405,0,0.23178049220527475,0
US106,2023-07,2023-07-28,0.44751981670015856,0,0.36,0,0.18191034389098817,0
US107,2023-07,2023-07-28,0.42750324965870146,0,0.3775,0,0.22645032942551163,0
US108,2023-07,2023-07-28,0.4254130458260783,0,0.38,0,0.23598442892090557,0
US109,2023-07,2023-07-28,0.38537481666664086,0,0.465,0,0.19805861222447255,0
US110,2023-07,2023-07-28,0.4055668517015437,0,0.445,0,0.3565982763608318,0
US111,2023-07,2023-07-28,0.4329888141318208,0,0.365,0,0.2928029327851323,0
US112,2023-07,2023-07-28,0.38315023276258475,0,0.4425,0,0.16150074539451328,0
US113,2023-07,2023-07-28,0.44638522881764325,0,0.405,0,0.3895641788721681,0
US114,2023-07,2023-07-28,0.43429003310352665,0,0.4025,0,0.20819840847196505,0
US115,2023-07,2023-07-28,0.448010394681654,0,0.6525,1,0.2838445440820596,0
US116,2023-07,2023-07-28,0.41166319164240184,0,0.3775,0,0.30073858704651246,0
US117,2023-07,2023-07-28,0.40298902251797963,0,0.3575,0,0.1328120357488677,0
US118,2023-07,2023-07-28,0.40325365710778543,0,0.4725,0,0.1506661090197812,0
US119,2023-07,2023-07-28,0.4297702272678167,0,0.39,0,0.15582980457252962,0
US120,2023-07,2023-07-28,0.3955390344763186,0,0.3975,0,0.35948850172774904,0
US121,2023-07,2023-07-28,0.4066722624838909,0,0.3675,0,0.21999492482032365,0
US122,2023-07,2023-07-28,0.4067512653729762,0,0.4525,0,0.30826366971811187,0
US123,2023-07,2023-07-28,0.40106475824561555,0,0.5175,1,0.2935435875373913,0
US124,2023-07,2023-07-28,0.4358856033229899,0,0.4175,0,0.39437357043581506,0
US125,2023-07,2023-07-28,0.4303157739114455,0,0.5875,1,0.23533841692715118,0
US126,2023-07,2023-07-28,0.41147792816859025,0,0.4375,0,0.4440740078087217,0
US127,2023-07,2023-07-28,0.47495669727573553,0,0.415,0,0.2933352399217426,0
US128,2023-07,2023-07-28,0.4759088609762755,0,0.515,1,0.6449719459428995,1
US129,2023-07,2023-07-28,0.41114571610311434,0,0.4625,0,0.27896969491342305,0
US130,2023-07,2023-07-28,0.43231383051525163,0,0.445,0,0.12725919182831624,0
US131,2023-07,2023-07-28,0.48635596499076483,0,0.54,1,0.18087144506418903,0
US132,2023-07,2023-07-28,0.4284632845726117,0,0.535,1,0.25180719012019376,0
US133,2023-07,2023-07-28,0.4384908717690644,0,0.3775,0,0.2129724860902767,0
US134,2023-07,2023-07-28,0.43938256195727216,0,0.49,0,0.29415219794763303,0
US135,2023-07,2023-07-28,0.4201605912808058,0,0.5525,1,0.2955447695647597,0
US136,2023-07,2023-07-28,0.4057203774178107,0,0.425,0,0.22044538764905036,0
US137,2023-07,2023-07-28,0.4367581605868551,0,0.4075,0,0.26171654997481897,0
US138,2023-07,2023-07-28,0.41751654244400876,0,0.615,1,0.6054897433958054,1
US139,2023-07,2023-07-28,0.40173042327298647,0,0.54,1,0.5735989293873079,1
US140,2023-07,2023-07-28,0.3935386713887662,0,0.545,1,0.31689183730963244,0
US141,2023-07,2023-07-28,0.4217336063818315,0,0.5725,1,0.48576022647376904,0
US142,2023-07,2023-07-28,0.4165915350311828,0,0.57,1,0.34539485101264256,0
US143,2023-07,2023-07-28,0.4602941602021682,0,0.5425,1,0.5443053968641424,1
US144,2023-07,2023-07-28,0.44418004588558485,0,0.5775,1,0.6917380937274055,1
US145,2023-07,2023-07-28,0.4439537283875889,0,0.395,0,0.097905670828965,0
US146,2023-07,2023-07-28,0.4101006963045886,0,0.46,0,0.2748992699271923,0
US147,2023-07,2023-07-28,0.41737023616068136,0,0.45,0,0.23962796887380083,0
US148,2023-07,2023-07-28,0.44922908947002643,0,0.435,0,0.2787550760949949,0
US149,2023-07,2023-07-28,0.4783433399935101,0,0.4525,0,0.2485141097143129,0
US150,2023-07,2023-07-28,0.42064995744683187,0,0.505,1,0.2902943698372469,0
US151,2023-07,2023-07-28,0.41939369839412005,0,0.455,0,0.1847540499722373,0
US152,2023-07,2023-07-28,0.40572764571079617,0,0.575,1,0.26960886625935654,0
US153,2023-07,2023-07-28,0.4346709975958414,0,0.5575,1,0.5745729173673076,1
US154,2023-07,2023-07-28,0.4212598588355817,0,0.49,0,0.23994812190276857,0
US155,2023-07,2023-07-28,0.42007410844931403,0,0.3975,0,0.24936727884947052,0
US156,2023-07,2023-07-28,0.4276866778861861,0,0.5225,1,0.5455602872577313,1
US157,2023-07,2023-07-28,0.4090281318866761,0,0.4275,0,0.16404650833439083,0
US158,2023-07,2023-07-28,0.39802524429026664,0,0.4225,0,0.29254400046470264,0
US159,2023-07,2023-07-28,0.43618593465191946,0,0.46,0,0.31077715191445754,0
US160,2023-07,2023-07-28,0.41776269364715773,0,0.48,0,0.2721463631580997,0
US161,2023-07,2023-07-28,0.44800292415502574,0,0.4425,0,0.49544932192718144,0
US162,2023-07,2023-07-28,0.42653800765836414,0,0.405,0,0.28786514859496126,0
US163,2023-07,2023-07-28,0.4651769010889494,0,0.405,0,0.22156179145817492,0
US164,2023-07,2023-07-28,0.38877936874341174,0,0.42,0,0.25268076788247734,0
US165,2023-07,2023-07-28,0.39687931961934647,0,0.485,0,0.24429390538411305,0
US166,2023-07,2023-07-28,0.3841381726783414,0,0.3825,0,0.2580793830843836,0
US167,2023-07,2023-07-28,0.4310821753032777,0,0.585,1,0.3289719995191808,0
US168,2023-07,2023-07-28,0.4307035091487533,0,0.555,1,0.39159921339782905,0
US169,2023-07,2023-07-28,0.39361064827824244,0,0.4775,0,0.2716166497728719,0
US170,2023-07,2023-07-28,0.410458091304827,0,0.47,0,0.2309997424604835,0
US171,2023-07,2023-07-28,0.45290425042378546,0,0.4975,0,0.1770917146290306,0
US172,2023-07,2023-07-28,0.4184591203227696,0,0.4425,0,0.2396349661635105,0
US173,2023-07,2023-07-28,0.41636684470349133,0,0.4525,0,0.19686466979694917,0
US174,2023-07,2023-07-28,0.4376986673783812,0,0.4175,0,0.2758193674509657,0
US175,2023-07,2023-07-28,0.443735570649829,0,0.4875,0,0.3430010797472093,0
US176,2023-07,2023-07-28,0.40593242846166433,0,0.385,0,0.21778443343747647,0
US177,2023-07,2023-07-28,0.461119049066339,0,0.4475,0,0.15685794529856678,0
US178,2023-07,2023-07-28,0.4136256823387801,0,0.41,0,0.31138932816739073,0
US179,2023-07,2023-07-28,0.4084026782138195,0,0.5475,1,0.3004673204554201,0
US180,2023-07,2023-07-28,0.41238663335941744,0,0.31,0,0.16946379203928846,0
US181,2023-07,2023-07-28,0.3928490012019396,0,0.365,0,0.283831123866941,0
US182,2023-07,2023-07-28,0.3901713656378591,0,0.465,0,0.31208443852932627,0
US183,2023-07,2023-07-28,0.3884040283856479,0,0.365,0,0.33595968813969146,0
US184,2023-07,2023-07-28,0.41282352281845613,0,0.5275,1,0.27411670678336036,0
US185,2023-07,2023-07-28,0.42640951868845134,0,0.545,1,0.247712009742232,0
US186,2023-07,2023-07-28,0.4242623470672385,0,0.38,0,0.23597468662130547,0
US187,2023-07,2023-07-28,0.3927498530046609,0,0.4925,0,0.26062171364994924,0
US188,2023-07,2023-07-28,0.4551357804699932,0,0.48,0,0.1973211646782329,0
US189,2023-07,2023-07-28,0.412250782683093,0,0.4775,0,0.3073167635178739,0
US190,2023-07,2023-07-28,0.43755669584678203,0,0.445,0,0.20447579432536725,0
US191,2023-07,2023-07-28,0.42352031703971743,0,0.5825,1,0.344595044460895,0
US192,2023-07,2023-07-28,0.45884192564187476,0,0.47,0,0.22570424436363343,0
US193,2023-07,2023-07-28,0.41420437399916094,0,0.505,1,0.2228572421036685,0
US194,2023-07,2023-07-28,0.4635134669028763,0,0.5025,1,0.2885285619067172,0
US195,2023-07,2023-07-28,0.4478127356017315,0,0.445,0,0.22175613867324612,0
US196,2023-07,2023-07-28,0.3750087818666368,0,0.42,0,0.20671302403331937,0
US197,2023-07,2023-07-28,0.406331631986429,0,0.54,1,0.2083636253513529,0
US198,2023-07,2023-07-28,0.38417416031751367,0,0.36,0,0.14393765433705177,0
US199,2023-07,2023-07-28,0.47456036565515025,0,0.4525,0,0.23058797207672005,0
US200,2023-07,2023-07-28,0.4361833571389708,0,0.6275,1,0.6194053034224687,1
US201,2023-07,2023-07-28,0.448081308268992,0,0.57,1,0.2619476072460296,0
US202,2023-07,2023-07-28,0.4041847965895899,0,0.4575,0,0.17592704729292138,0
US203,2023-07,2023-07-28,0.3774812331719826,0,0.345,0,0.16813987824463508,0
US204,2023-07,2023-07-28,0.38439822917969674,0,0.3725,0,0.2244833924496195,0
US205,2023-07,2023-07-28,0.40750759888533566,0,0.41,0,0.191942660666189,0
US206,2023-07,2023-07-28,0.4263166451956682,0,0.5875,1,0.3710338276662467,0
US207,2023-07,2023-07-28,0.4290252175541001,0,0.375,0,0.3354198266905167,0
US208,2023-07,2023-07-28,0.43513112410338783,0,0.4275,0,0.30948329993098966,0
US209,2023-07,2023-07-28,0.4475330515229872,0,0.4925,0,0.3281596088684517,0
US210,2023-07,2023-07-28,0.46249081254742636,0,0.585,1,0.5334942920365887,1
US212,2023-07,2023-07-28,0.4105788596602492,0,0.4375,0,0.1633800940305586,0
US213,2023-07,2023-07-28,0.4304895615717364,0,0.5925,1,0.6557322478126271,1
US214,2023-07,2023-07-28,0.421696129186731,0,0.39,0,0.3308078316549378,0
US215,2023-07,2023-07-28,0.451468997114278,0,0.4925,0,0.2250861160093105,0
US216,2023-07,2023-07-28,0.4433679801652713,0,0.4775,0,0.2309301365483841,0
US217,2023-07,2023-07-28,0.4243358336243983,0,0.4125,0,0.20873261664957748,0
US218,2023-07,2023-07-28,0.422762627270608,0,0.56,1,0.3200079676127159,0
US219,2023-07,2023-07-28,0.4550528232948999,0,0.3975,0,0.2423729520423338,0
US220,2023-07,2023-07-28,0.3987351674469887,0,0.3025,0,0.25282433138134225,0
US221,2023-07,2023-07-28,0.4120858237759477,0,0.4925,0,0.23882377325708115,0
US222,2023-07,2023-07-28,0.4269527540533147,0,0.4975,0,0.19390761037138046,0
US223,2023-07,2023-07-28,0.40312253836893036,0,0.4975,0,0.11730727834640531,0
US224,2023-07,2023-07-28,0.41281677548322304,0,0.3175,0,0.31379793421152946,0
US225,2023-07,2023-07-28,0.4286044425598074,0,0.4325,0,0.5176633241456277,1
US226,2023-07,2023-07-28,0.424246968426303,0,0.4775,0,0.39975833247082126,0
US227,2023-07,2023-07-28,0.4073197038733702,0,0.4375,0,0.19766384380163401,0
US228,2023-07,2023-07-28,0.41912770941239164,0,0.4525,0,0.4216775614146418,0
US229,2023-07,2023-07-28,0.42998792560604476,0,0.425,0,0.3256040318054116,0
US230,2023-07,2023-07-28,0.4324015876844364,0,0.575,1,0.1638662470142439,0
US231,2023-07,2023-07-28,0.45292657192115543,0,0.48,0,0.29795654863343496,0
US232,2023-07,2023-07-28,0.39899079454724196,0,0.455,0,0.29518243956661094,0
US233,2023-07,2023-07-28,0.435030156765787,0,0.46,0,0.2029389493447614,0
US234,2023-07,2023-07-28,0.43911987362734706,0,0.3575,0,0.2346980016096081,0
US235,2023-07,2023-07-28,0.38689047197086945,0,0.3725,0,0.2811843985665149,0
US236,2023-07,2023-07-28,0.406347137677502,0,0.4025,0,0.17096750600893126,0
US237,2023-07,2023-07-28,0.4357094478959335,0,0.38,0,0.3810251243970844,0
US238,2023-07,2023-07-28,0.442390649383599,0,0.4425,0,0.22310124048039467,0
US239,2023-07,2023-07-28,0.4277034855157582,0,0.475,0,0.6407950481302044,1
US240,2023-07,2023-07-28,0.4243268507209706,0,0.485,0,0.33702389235026836,0
US241,2023-07,2023-07-28,0.4020342354722018,0,0.5075,1,0.28233704200358417,0
US242,2023-07,2023-07-28,0.4110939243934228,0,0.42,0,0.40787470110488583,0
US243,2023-07,2023-07-28,0.44187692900160513,0,0.39,0,0.16753071228059982,0
US244,2023-07,2023-07-28,0.43053612823188836,0,0.4675,0,0.25846749627909876,0
US245,2023-07,2023-07-28,0.43784129550047585,0,0.5075,1,0.41913847580725166,0
US246,2023-07,2023-07-28,0.43222856068671106,0,0.47,0,0.3446262913236053,0
US247,2023-07,2023-07-28,0.4212994496849409,0,0.4425,0,0.3330846237882086,0
US248,2023-07,2023-07-28,0.43930724449268777,0,0.455,0,0.22171009188093727,0
US249,2023-07,2023-07-28,0.4185705356321143,0,0.4525,0,0.33726038050197504,0
US250,2023-07,2023-07-28,0.4341272957439243,0,0.525,1,0.23078157933694202,0
US251,2023-07,2023-07-28,0.43007535773734185,0,0.2675,0,0.17062175485901201,0
US252,2023-07,2023-07-28,0.4378101428416317,0,0.5075,1,0.2638696139532089,0
US253,2023-07,2023-07-28,0.42861578556438323,0,0.4775,0,0.22388693042689292,0
US254,2023-07,2023-07-28,0.3793170108186209,0,0.3525,0,0.19301715191517627,0
US255,2023-07,2023-07-28,0.42398149021391196,0,0.5325,1,0.34799347196270003,0
US256,2023-07,2023-07-28,0.4108363656106901,0,0.505,1,0.722761277301329,1
US257,2023-07,2023-07-28,0.412173985736256,0,0.515,1,0.18917730594193327,0
US258,2023-07,2023-07-28,0.42623970401860545,0,0.3475,0,0.20352555020423171,0
US259,2023-07,2023-07-28,0.39394178914104894,0,0.4675,0,0.358253500626724,0
US260,2023-07,2023-07-28,0.4129472487581769,0,0.3475,0,0.2188063075352179,0
US261,2023-07,2023-07-28,0.41882840940086696,0,0.405,0,0.3153401116667162,0
US262,2023-07,2023-07-28,0.45487719338242083,0,0.58,1,0.38567818932512365,0
US263,2023-07,2023-07-28,0.3988750972370283,0,0.4675,0,0.2544777122223142,0
US264,2023-07,2023-07-28,0.4417389334993404,0,0.455,0,0.3032575012565928,0
US265,2023-07,2023-07-28,0.41591097519773695,0,0.46,0,0.2097536824101713,0
US266,2023-07,2023-07-28,0.439433472773242,0,0.5175,1,0.33940780467373644,0
US267,2023-07,2023-07-28,0.4177286297793462,0,0.33,0,0.28688786493956514,0
US268,2023-07,2023-07-28,0.4208266321220177,0,0.435,0,0.405375990921915,0
US270,2023-07,2023-07-28,0.41702037394991626,0,0.445,0,0.20598847475486662,0
US271,2023-07,2023-07-28,0.39751723131897493,0,0.475,0,0.24874531087866034,0
US272,2023-07,2023-07-28,0.4268889348383704,0,0.42,0,0.27497722491784354,0
US273,2023-07,2023-07-28,0.41780366335405195,0,0.3775,0,0.22650028601891825,0
US274,2023-07,2023-07-28,0.3909703062919209,0,0.405,0,0.23272787394686437,0
US275,2023-07,2023-07-28,0.4393958001292021,0,0.515,1,0.10028947994272305,0
US276,2023-07,2023-07-28,0.43884206404777415,0,0.3675,0,0.16719916695736806,0
US277,2023-07,2023-07-28,0.4281692826632221,0,0.4575,0,0.5586065845689535,1
US278,2023-07,2023-07-28,0.4329514851503323,0,0.43,0,0.12288306731441073,0
US279,2023-07,2023-07-28,0.42215852213932736,0,0.4325,0,0.26018955315321696,0
US280,2023-07,2023-07-28,0.43478504339331336,0,0.395,0,0.38836965938421575,0
US281,2023-07,2023-07-28,0.40275805723582087,0,0.405,0,0.24121514812025227,0
US282,2023-07,2023-07-28,0.43968941539274403,0,0.635,1,0.6184217392576937,1
US283,2023-07,2023-07-28,0.40068130932086193,0,0.3875,0,0.1837466357034684,0
US284,2023-07,2023-07-28,0.4266068527359352,0,0.45,0,0.2785465611911863,0
US285,2023-07,2023-07-28,0.41431547886425535,0,0.565,1,0.21306716349553778,0
US286,2023-07,2023-07-28,0.46666971410413655,0,0.54,1,0.4833271948338765,0
US287,2023-07,2023-07-28,0.4115288420615666,0,0.49,0,0.6522676110475194,1
US288,2023-07,2023-07-28,0.4087330142892791,0,0.505,1,0.6470851494626003,1
US289,2023-07,2023-07-28,0.44783586427356425,0,0.4075,0,0.2267752744834884,0
US290,2023-07,2023-07-28,0.4017716653393999,0,0.545,1,0.5529492986927586,1
US291,2023-07,2023-07-28,0.444261345908287,0,0.3925,0,0.3175251369183959,0
US292,2023-07,2023-07-28,0.44869874239014074,0,0.355,0,0.4344145558107577,0
US293,2023-07,2023-07-28,0.4284809614458994,0,0.3225,0,0.20577642820687944,0
US294,2023-07,2023-07-28,0.4539946357096512,0,0.4075,0,0.24617877062277851,0
US295,2023-07,2023-07-28,0.42208607596219483,0,0.5675,1,0.2972399304607692,0
US296,2023-07,2023-07-28,0.4257805139230664,0,0.4625,0,0.2826882387430875,0
US297,2023-07,2023-07-28,0.38921740135133065,0,0.51,1,0.29252658129971637,0
US298,2023-07,2023-07-28,0.43825150946535957,0,0.4675,0,0.24645100772969278,0
US299,2023-07,2023-07-28,0.4397967449101995,0,0.4625,0,0.2598895376927855,0
US300,2023-07,2023-07-28,0.4620804561007994,0,0.505,1,0.2606554906911521,0
US301,2023-07,2023-07-28,0.42767323350421593,0,0.31,0,0.173141011597968,0
US302,2023-07,2023-07-28,0.4328925464969588,0,0.4625,0,0.4907168860223202,0
US303,2023-07,2023-07-28,0.41290135535298234,0,0.455,0,0.28630912597596425,0
US304,2023-07,2023-07-28,0.42242225670657446,0,0.4175,0,0.17613968020915585,0
US305,2023-07,2023-07-28,0.3821431208575558,0,0.4825,0,0.1399038574515107,0
US306,2023-07,2023-07-28,0.4122614478768301,0,0.4375,0,0.26107463373083534,0
US307,2023-07,2023-07-28,0.4657902840821507,0,0.38,0,0.15475483668211854,0
US308,2023-07,2023-07-28,0.4091842896965054,0,0.4375,0,0.49980707172938793,0
US309,2023-07,2023-07-28,0.40906859614571817,0,0.3775,0,0.2247374839301043,0
US310,2023-07,2023-07-28,0.43557576387349434,0,0.45,0,0.22647019507380123,0
US311,2023-07,2023-07-28,0.3968785848096831,0,0.59,1,0.8313373156935,1
US312,2023-07,2023-07-28,0.422694858971074,0,0.515,1,0.21780710814519044,0
US313,2023-07,2023-07-28,0.420491387060251,0,0.5425,1,0.33764590966997254,0
US314,2023-07,2023-07-28,0.41808200210266455,0,0.415,0,0.22316724473341326,0
US315,2023-07,2023-07-28,0.424157644451884,0,0.5225,1,0.18487853937391463,0
US316,2023-07,2023-07-28,0.45589582430974623,0,0.5825,1,0.2839943099233124,0
US317,2023-07,2023-07-28,0.4474058319396651,0,0.5975,1,0.6366739151723588,1
US318,2023-07,2023-07-28,0.4095009835322186,0,0.375,0,0.31451860574207013,0
US319,2023-07,2023-07-28,0.38882120647791474,0,0.49,0,0.34061738593581176,0
US320,2023-07,2023-07-28,0.43724572885692936,0,0.54,1,0.2656486978377392,0
US321,2023-07,2023-07-28,0.4130748148982188,0,0.505,1,0.39360466600481325,0
US322,2023-07,2023-07-28,0.4186845091975782,0,0.4525,0,0.43931789711022234,0
US323,2023-07,2023-07-28,0.424594601871825,0,0.3225,0,0.1366127038846289,0
US324,2023-07,2023-07-28,0.4060938211496091,0,0.515,1,0.34720894011860415,0
US325,2023-07,2023-07-28,0.43220774444634363,0,0.4275,0,0.25318500824591156,0
US326,2023-07,2023-07-28,0.42844533760557574,0,0.43,0,0.2126990775422699,0
US327,2023-07,2023-07-28,0.4333843512999447,0,0.405,0,0.2550803612296568,0
US328,2023-07,2023-07-28,0.41437601326507134,0,0.43,0,0.19865405007989614,0
US329,2023-07,2023-07-28,0.46743253576743043,0,0.4375,0,0.2812916020861657,0
US330,2023-07,2023-07-28,0.41769462720344264,0,0.42,0,0.23104742484388677,0
US331,2023-07,2023-07-28,0.460403379262271,0,0.505,1,0.18827522975156236,0
US332,2023-07,2023-07-28,0.4080694559552701,0,0.565,1,0.5260811625575638,1
US333,2023-07,2023-07-28,0.38759236776038586,0,0.5825,1,0.5128583707856961,1
US334,2023-07,2023-07-28,0.44342322675423945,0,0.5125,1,0.22801963299782846,0
US335,2023-07,2023-07-28,0.384022786211161,0,0.4075,0,0.26567287965480935,0
US336,2023-07,2023-07-28,0.39457325779537017,0,0.435,0,0.22670794258543936,0
US337,2023-07,2023-07-28,0.4117305099809901,0,0.49,0,0.43556566993164797,0
US338,2023-07,2023-07-28,0.4725153196478087,0,0.585,1,0.32014377426181534,0
US339,2023-07,2023-07-28,0.3907096047759731,0,0.3775,0,0.22031710243510616,0
US340,2023-07,2023-07-28,0.42327910759080006,0,0.425,0,0.29283930320757046,0
US341,2023-07,2023-07-28,0.4115989376883257,0,0.4525,0,0.37642390180186275,0
US342,2023-07,2023-07-28,0.41038616180715887,0,0.385,0,0.19127202799418982,0
US343,2023-07,2023-07-28,0.4431780012155301,0,0.37,0,0.35498081062658376,0
US344,2023-07,2023-07-28,0.45540083358281613,0,0.6625,1,0.7435082915421635,1
US345,2023-07,2023-07-28,0.39807036605333596,0,0.36,0,0.18435427046375988,0
US346,2023-07,2023-07-28,0.4091340314567775,0,0.48,0,0.18487858344397812,0
US347,2023-07,2023-07-28,0.49094415834158794,0,0.645,1,0.6951593617056838,1
US348,2023-07,2023-07-28,0.27792428870068053,0,0.5625,1,0.2629579889340677,0
US349,2023-07,2023-07-28,0.43482491653351635,0,0.57,1,0.231871464497298,0
US350,2023-07,2023-07-28,0.4570050894620812,0,0.425,0,0.2564056149042482,0
US351,2023-07,2023-07-28,0.4342586055442135,0,0.4675,0,0.18458489205519327,0
US352,2023-07,2023-07-28,0.4186539426101263,0,0.4975,0,0.22528630100287883,0
US353,2023-07,2023-07-28,0.37017644261305077,0,0.51,1,0.2388179318973416,0
US354,2023-07,2023-07-28,0.4308744120647877,0,0.585,1,0.17587393614288313,0
US355,2023-07,2023-07-28,0.42411655088087197,0,0.3925,0,0.09764060450670195,0
US356,2023-07,2023-07-28,0.4792550047838609,0,0.565,1,0.714433751649279,1
US357,2023-07,2023-07-28,0.4121566596935715,0,0.45,0,0.327819750823622,0
US358,2023-07,2023-07-28,0.4234124704429348,0,0.5525,1,0.3238753558434022,0
US359,2023-07,2023-07-28,0.4217036762806882,0,0.4075,0,0.2789310916024037,0
US360,2023-07,2023-07-28,0.5184371293500587,1,0.5525,1,0.6598462063907777,1
US361,2023-07,2023-07-28,0.48237479338164674,0,0.5925,1,0.5769870998935042,1
US362,2023-07,2023-07-28,0.37595762364081897,0,0.4925,0,0.085186922749422,0
US363,2023-07,2023-07-28,0.42039874507530645,0,0.435,0,0.34566412491457293,0
US364,2023-07,2023-07-28,0.4072377263507674,0,0.4825,0,0.25988960288521934,0
US365,2023-07,2023-07-28,0.3967088124624066,0,0.55,1,0.2538073779323175,0
US366,2023-07,2023-07-28,0.44655775586170443,0,0.5525,1,0.24239066889729047,0
US367,2023-07,2023-07-28,0.4181512739978176,0,0.5675,1,0.5337469154425802,1
US368,2023-07,2023-07-28,0.42863785035638086,0,0.42,0,0.2429462257334742,0
US369,2023-07,2023-07-28,0.4124416047602895,0,0.4775,0,0.1581793744896629,0
US370,2023-07,2023-07-28,0.3851353688425534,0,0.4225,0,0.19010725413799298,0
US371,2023-07,2023-07-28,0.4165342030219406,0,0.465,0,0.18869395103571482,0
US372,2023-07,2023-07-28,0.42859705576466633,0,0.4925,0,0.18499446323654906,0
US373,2023-07,2023-07-28,0.40900998224833157,0,0.435,0,0.29099215063786477,0
US374,2023-07,2023-07-28,0.3913808672614592,0,0.4375,0,0.17503174179703007,0
US375,2023-07,2023-07-28,0.4225008998637248,0,0.475,0,0.23916702877499932,0
US376,2023-07,2023-07-28,0.414944527305045,0,0.4125,0,0.20924424253165083,0
US377,2023-07,2023-07-28,0.3962185044420899,0,0.3675,0,0.18789179116834484,0
US378,2023-07,2023-07-28,0.39315074099876557,0,0.4975,0,0.270661811978537,0
US379,2023-07,2023-07-28,0.42931923066130434,0,0.455,0,0.2303534082821709,0
US380,2023-07,2023-07-28,0.41695520356102855,0,0.37,0,0.16042901839962917,0
US381,2023-07,2023-07-28,0.44256718278546475,0,0.45,0,0.3269471489185569,0
US382,2023-07,2023-07-28,0.4043958200919768,0,0.4675,0,0.17750426977121073,0
US383,2023-07,2023-07-28,0.39929827016588043,0,0.37,0,0.17889723371635974,0
US384,2023-07,2023-07-28,0.43573531034657365,0,0.5575,1,0.24537832036892598,0
US385,2023-07,2023-07-28,0.40393552171532954,0,0.4575,0,0.317241232830692,0
US386,2023-07,2023-07-28,0.42786451875908116,0,0.6025,1,0.6789631519833779,1
US387,2023-07,2023-07-28,0.45798476332375043,0,0.47,0,0.5454472061658601,1
US388,2023-07,2023-07-28,0.430218118675779,0,0.605,1,0.21503292807355104,0
US389,2023-07,2023-07-28,0.39429319326154677,0,0.4525,0,0.17865167835203924,0
US390,2023-07,2023-07-28,0.4069443906399618,0,0.47,0,0.2597092916632197,0
US391,2023-07,2023-07-28,0.3981828914976239,0,0.47,0,0.2633007278822209,0
US392,2023-07,2023-07-28,0.45163127940135095,0,0.4625,0,0.28175140048512265,0
US393,2023-07,2023-07-28,0.44482827725231733,0,0.45,0,0.3541844121914058,0
US394,2023-07,2023-07-28,0.4134484447453826,0,0.44,0,0.22876314653878072,0
US395,2023-07,2023-07-28,0.41305762891199044,0,0.5375,1,0.4118136759634211,0
US396,2023-07,2023-07-28,0.4062261876047107,0,0.44,0,0.24328475798989813,0
US397,2023-07,2023-07-28,0.4423963965137066,0,0.4225,0,0.24541840087064432,0
US398,2023-07,2023-07-28,0.4060840416013979,0,0.425,0,0.3350006858475125,0
US399,2023-07,2023-07-28,0.39995085501183403,0,0.45,0,0.2702272820118792,0
US400,2023-07,2023-07-28,0.4143232356621607,0,0.4475,0,0.28791659934886776,0
US401,2023-07,2023-07-28,0.4250984786180331,0,0.37,0,0.12188181917170117,0
US402,2023-07,2023-07-28,0.4361370960656011,0,0.455,0,0.24820336720300948,0
US403,2023-07,2023-07-28,0.43307555714428064,0,0.455,0,0.21268975980358568,0
US404,2023-07,2023-07-28,0.47045667677644293,0,0.61,1,0.6989418864846015,1
US405,2023-07,2023-07-28,0.42890810243179145,0,0.3375,0,0.214816559272096,0
US406,2023-07,2023-07-28,0.4916013004743812,0,0.585,1,0.32467917009399855,0
US407,2023-07,2023-07-28,0.4181951372454035,0,0.5025,1,0.21132691217255992,0
US408,2023-07,2023-07-28,0.4251119260045014,0,0.525,1,0.10382468294701117,0
US409,2023-07,2023-07-28,0.4102076423438324,0,0.5,1,0.20657742547890007,0
US410,2023-07,2023-07-28,0.40201254623590804,0,0.41,0,0.2463568917832569,0
US411,2023-07,2023-07-28,0.43046810507860955,0,0.54,1,0.45160522084451776,0
US412,2023-07,2023-07-28,0.44014739191280977,0,0.4575,0,0.42906269004451236,0
US413,2023-07,2023-07-28,0.4209543842695267,0,0.53,1,0.1751043928657375,0
US414,2023-07,2023-07-28,0.40471157171875466,0,0.5875,1,0.2816982162981599,0
US415,2023-07,2023-07-28,0.41320917838612803,0,0.5375,1,0.22546898874790813,0
US416,2023-07,2023-07-28,0.4149569112448241,0,0.3575,0,0.29383645730672053,0
US417,2023-07,2023-07-28,0.42171976161439223,0,0.4275,0,0.572133392296392,1
US419,2023-07,2023-07-28,0.4128975953072148,0,0.405,0,0.3732827654684496,0
US420,2023-07,2023-07-28,0.42935492627770266,0,0.4425,0,0.2131581124045814,0
US421,2023-07,2023-07-28,0.42825230534115344,0,0.5375,1,0.3802053160491082,0
US422,2023-07,2023-07-28,0.46867786322982696,0,0.44,0,0.1997685166570819,0
US423,2023-07,2023-07-28,0.39442721737143666,0,0.445,0,0.2545967899894494,0
US424,2023-07,2023-07-28,0.4272996345777292,0,0.585,1,0.24356862292737683,0
US425,2023-07,2023-07-28,0.40106170230098537,0,0.44,0,0.3430015439768253,0
US426,2023-07,2023-07-28,0.4194588828354188,0,0.49,0,0.2856554806351938,0
US427,2023-07,2023-07-28,0.5177667858149877,1,0.54,1,0.6296885396412568,1
US428,2023-07,2023-07-28,0.41994386039686715,0,0.3975,0,0.4239662308425519,0
US429,2023-07,2023-07-28,0.4654685944697539,0,0.5175,1,0.3353777182399045,0
US430,2023-07,2023-07-28,0.3954463449957936,0,0.4075,0,0.2373945417982909,0
US431,2023-07,2023-07-28,0.4145288860882164,0,0.5325,1,0.17402741883655085,0
US432,2023-07,2023-07-28,0.40905473028764017,0,0.435,0,0.21700662055157452,0
US433,2023-07,2023-07-28,0.3977869406663697,0,0.4825,0,0.4372734351410129,0
US434,2023-07,2023-07-28,0.4052555285268765,0,0.435,0,0.20245384678450762,0
US435,2023-07,2023-07-28,0.4271270511520568,0,0.515,1,0.16129260889159888,0
US436,2023-07,2023-07-28,0.4531914923616148,0,0.445,0,0.27080691947768504,0
US437,2023-07,2023-07-28,0.44337197169336984,0,0.505,1,0.19156151580537684,0
US438,2023-07,2023-07-28,0.43908404124393136,0,0.4675,0,0.31859846532771535,0
US439,2023-07,2023-07-28,0.42318931240818713,0,0.5375,1,0.26671123352559367,0
US440,2023-07,2023-07-28,0.45567438719215403,0,0.6525,1,0.7208657140498859,1
US441,2023-07,2023-07-28,0.419357020455137,0,0.515,1,0.23055345978896088,0
US442,2023-07,2023-07-28,0.40793014880540895,0,0.49,0,0.38626488094332656,0
US443,2023-07,2023-07-28,0.42844128762838785,0,0.495,0,0.35066486003954617,0
US444,2023-07,2023-07-28,0.42611762626578975,0,0.515,1,0.25702598571684704,0
US445,2023-07,2023-07-28,0.4596926903226082,0,0.385,0,0.1772112610217962,0
US446,2023-07,2023-07-28,0.3538416529456095,0,0.535,1,0.4769131557626663,0
US447,2023-07,2023-07-28,0.38166199867021655,0,0.5525,1,0.5833193469322063,1
US448,2023-07,2023-07-28,0.43303735494727374,0,0.435,0,0.25753480224355213,0
US449,2023-07,2023-07-28,0.4293581884048825,0,0.4725,0,0.3837399857562556,0
US450,2023-07,2023-07-28,0.41561108399607977,0,0.4025,0,0.5343508020556381,1
US451,2023-07,2023-07-28,0.42083770881799903,0,0.3425,0,0.28528670293799624,0
US452,2023-07,2023-07-28,0.4266026276178999,0,0.4875,0,0.23325796045597483,0
US453,2023-07,2023-07-28,0.4034416063034769,0,0.4975,0,0.2105909161087332,0
US454,2023-07,2023-07-28,0.43247963579597437,0,0.5825,1,0.24470946635823193,0
US455,2023-07,2023-07-28,0.3990456973584622,0,0.3925,0,0.2657747758976978,0
US456,2023-07,2023-07-28,0.4040994231949888,0,0.54,1,0.18881430808975455,0
US457,2023-07,2023-07-28,0.450226401661364,0,0.5575,1,0.7511565756648337,1
US458,2023-07,2023-07-28,0.41079462245301357,0,0.37,0,0.21402635895668423,0
US459,2023-07,2023-07-28,0.4124971307031897,0,0.515,1,0.18065504213972106,0
US460,2023-07,2023-07-28,0.4477831895475537,0,0.42,0,0.35032331021092894,0
US461,2023-07,2023-07-28,0.4299162504657518,0,0.515,1,0.5519079537477286,1
US462,2023-07,2023-07-28,0.4544220370170124,0,0.47,0,0.24256238771688932,0
US463,2023-07,2023-07-28,0.41229291325679396,0,0.4775,0,0.29366829592526095,0
US464,2023-07,2023-07-28,0.42566750750929605,0,0.55,1,0.2873323968750358,0
US465,2023-07,2023-07-28,0.40943152509909475,0,0.55,1,0.44000880872921905,0
US466,2023-07,2023-07-28,0.41278412624492383,0,0.48,0,0.15535102246021623,0
US467,2023-07,2023-07-28,0.4057964853064951,0,0.42,0,0.14956927735564993,0
US469,2023-07,2023-07-28,0.44120865999300884,0,0.45,0,0.18526051205148467,0
US470,2023-07,2023-07-28,0.4735821110400038,0,0.4275,0,0.441421972328199,0
US471,2023-07,2023-07-28,0.4132535199916121,0,0.4,0,0.21591666647578533,0
US472,2023-07,2023-07-28,0.4197395834341262,0,0.49,0,0.3228368724951057,0
US473,2023-07,2023-07-28,0.40805655577865907,0,0.53,1,0.22525744577174725,0
US474,2023-07,2023-07-28,0.40410738545327773,0,0.3425,0,0.29139721675209157,0
US475,2023-07,2023-07-28,0.43892281142422285,0,0.3825,0,0.21443656242253242,0
US476,2023-07,2023-07-28,0.41085211609636185,0,0.375,0,0.132068973341424,0
US477,2023-07,2023-07-28,0.44099420134394757,0,0.435,0,0.42650798790703176,0
US478,2023-07,2023-07-28,0.3853547915263634,0,0.345,0,0.0888287790904356,0
US479,2023-07,2023-07-28,0.3904462023075438,0,0.5525,1,0.29825365924154446,0
US480,2023-07,2023-07-28,0.4216559073782875,0,0.5025,1,0.21088242538455296,0
US481,2023-07,2023-07-28,0.42803001090158127,0,0.47,0,0.27306979173011114,0
US482,2023-07,2023-07-28,0.42413533503183953,0,0.38,0,0.21333502701541524,0
US483,2023-07,2023-07-28,0.40704599563886196,0,0.5125,1,0.28583830801890486,0
US484,2023-07,2023-07-28,0.3998500224167032,0,0.56,1,0.2543732558795001,0
US485,2023-07,2023-07-28,0.4340150903069091,0,0.3825,0,0.31313041532973007,0
US486,2023-07,2023-07-28,0.3963984973829336,0,0.5175,1,0.317509281396712,0
US487,2023-07,2023-07-28,0.39233941159452135,0,0.41,0,0.14945193000400409,0
US488,2023-07,2023-07-28,0.40726722556961237,0,0.435,0,0.1290227828108156,0
US489,2023-07,2023-07-28,0.45472508378713034,0,0.475,0,0.2764154551357269,0
US490,2023-07,2023-07-28,0.40198524621035275,0,0.505,1,0.27745397486983986,0
US491,2023-07,2023-07-28,0.43069314672637077,0,0.3375,0,0.18412110394823153,0
US492,2023-07,2023-07-28,0.4046892167867073,0,0.475,0,0.16833105019775912,0
US493,2023-07,2023-07-28,0.4254978905481251,0,0.535,1,0.27080527727164044,0
US494,2023-07,2023-07-28,0.46579672052712834,0,0.5425,1,0.10544998453589316,0
US495,2023-07,2023-07-28,0.42737631960013356,0,0.365,0,0.13947874932167278,0
US496,2023-07,2023-07-28,0.43810152670583513,0,0.575,1,0.2816114584846642,0
US497,2023-07,2023-07-28,0.43156977768071364,0,0.5525,1,0.31500664149163105,0
US498,2023-07,2023-07-28,0.4248626710043403,0,0.4975,0,0.28311363422162356,0
US499,2023-07,2023-07-28,0.3994178584808621,0,0.4875,0,0.3634895789486375,0
US500,2023-07,2023-07-28,0.43950071089959875,0,0.4075,0,0.24433505530665786,0
US501,2023-07,2023-07-28,0.37544284621643104,0,0.5275,1,0.22737212282834324,0
US502,2023-07,2023-07-28,0.437923870888121,0,0.655,1,0.7698298495851487,1
US503,2023-07,2023-07-28,0.39979033157462135,0,0.4525,0,0.25765196432459364,0
US504,2023-07,2023-07-28,0.48858563734582977,0,0.4825,0,0.1431260952703082,0
US505,2023-07,2023-07-28,0.5174844082575754,1,0.495,0,0.22781846775472522,0
US506,2023-07,2023-07-28,0.4284424018880042,0,0.47,0,0.2287142688890826,0
US507,2023-07,2023-07-28,0.4442187642814345,0,0.5425,1,0.1904593213745452,0
US508,2023-07,2023-07-28,0.3978487968506717,0,0.505,1,0.19554637374528572,0
US509,2023-07,2023-07-28,0.4430647376606003,0,0.4925,0,0.369631101526452,0
US510,2023-07,2023-07-28,0.4491492376353032,0,0.54,1,0.18195792856945894,0
US511,2023-07,2023-07-28,0.4265470915182717,0,0.4775,0,0.24517233502555497,0
US512,2023-07,2023-07-28,0.49537522244108906,0,0.5375,1,0.26381108859722996,0
US513,2023-07,2023-07-28,0.39532914282930415,0,0.59,1,0.5938488302728105,1
US514,2023-07,2023-07-28,0.4436944781344326,0,0.54,1,0.250284914602392,0
US515,2023-07,2023-07-28,0.3571823020337004,0,0.5275,1,0.34928471645840115,0
US516,2023-07,2023-07-28,0.4195543828147509,0,0.4775,0,0.3996411012242937,0
US517,2023-07,2023-07-28,0.43342307020076415,0,0.55,1,0.3532916529936076,0
US518,2023-07,2023-07-28,0.39976201560263364,0,0.5875,1,0.24938290355343584,0
US519,2023-07,2023-07-28,0.4326884616459931,0,0.525,1,0.31108413112624567,0
US520,2023-07,2023-07-28,0.4492719578079969,0,0.385,0,0.3696896256499246,0
US521,2023-07,2023-07-28,0.3921049773958064,0,0.48,0,0.3302418293482886,0
US522,2023-07,2023-07-28,0.4344973889190922,0,0.555,1,0.6674131946022047,1
US524,2023-07,2023-07-28,0.41597711848723296,0,0.5,1,0.3615032213487985,0
US525,2023-07,2023-07-28,0.42459312589051157,0,0.5375,1,0.28538439804364313,0
US526,2023-07,2023-07-28,0.40883132863700106,0,0.44,0,0.283918807699899,0
US527,2023-07,2023-07-28,0.42245404414319254,0,0.395,0,0.21594790159041305,0
US528,2023-07,2023-07-28,0.4298523737806795,0,0.5225,1,0.3017848529832399,0
US529,2023-07,2023-07-28,0.3969172846082349,0,0.4175,0,0.24920512332610179,0
US532,2023-07,2023-07-28,0.4607567246530394,0,0.68,1,0.6918669258296369,1
US535,2023-07,2023-07-28,0.38217271531518926,0,0.4475,0,0.22981551053001217,0
US536,2023-07,2023-07-28,0.41872411100868306,0,0.375,0,0.1335992841254302,0
US537,2023-07,2023-07-28,0.4361152189579212,0,0.5875,1,0.7068909269224296,1
US538,2023-07,2023-07-28,0.42458794388021515,0,0.425,0,0.2148553322392559,0
US539,2023-07,2023-07-28,0.418475561614648,0,0.48,0,0.15374916130814031,0
US540,2023-07,2023-07-28,0.4652996990613645,0,0.6875,1,0.6947355615837897,1
US541,2023-07,2023-07-28,0.43866652408461004,0,0.4725,0,0.37235106243593374,0
US542,2023-07,2023-07-28,0.35661619337274564,0,0.5475,1,0.2067706799314038,0
US543,2023-07,2023-07-28,0.39477330121318516,0,0.465,0,0.2460432081982161,0
US544,2023-07,2023-07-28,0.4205375813239939,0,0.565,1,0.3308301092811338,0
US545,2023-07,2023-07-28,0.4317265542212819,0,0.52,1,0.32107478367278924,0
US546,2023-07,2023-07-28,0.43375189372742323,0,0.485,0,0.37660196207625446,0
US547,2023-07,2023-07-28,0.38117063368308535,0,0.5525,1,0.41942813687619185,0
US549,2023-07,2023-07-28,0.4013083097736489,0,0.58,1,0.4701241983896295,0
US550,2023-07,2023-07-28,0.40984041172245494,0,0.545,1,0.344355496009871,0
US551,2023-07,2023-07-28,0.4258441749101527,0,0.6875,1,0.6914459038693437,1
US552,2023-07,2023-07-28,0.38589619282051196,0,0.525,1,0.6612006326108382,1
US553,2023-07,2023-07-28,0.394390516069193,0,0.495,0,0.33723940623332477,0
US554,2023-07,2023-07-28,0.4399579953831268,0,0.53,1,0.4450741883068419,0
US555,2023-07,2023-07-28,0.3931344306394264,0,0.5,1,0.2739351083950664,0
US556,2023-07,2023-07-28,0.4586420475398987,0,0.5175,1,0.636259896365509,1
US557,2023-07,2023-07-28,0.38050843543511403,0,0.505,1,0.5202270137710997,1
US558,2023-07,2023-07-28,0.4629035714513491,0,0.62,1,0.7163658865197718,1
US564,2023-07,2023-07-28,0.3627826658070402,0,0.4525,0,0.32499928316562965,0
US565,2023-07,2023-07-28,0.3584840655821881,0,0.4175,0,0.48477598268922917,0
US566,2023-07,2023-07-28,0.3692575499570046,0,0.395,0,0.27284741423878744,0
US567,2023-07,2023-07-28,0.3651968360232882,0,0.5075,1,0.2805784096970357,0
US569,2023-07,2023-07-28,0.39308121958133085,0,0.47,0,0.25764452218263817,0
US570,2023-07,2023-07-28,0.4102903511103919,0,0.48,0,0.4948961479106599,0
US571,2023-07,2023-07-28,0.4233838236663436,0,0.3975,0,0.2934064906459485,0
US572,2023-07,2023-07-28,0.4198706993925752,0,0.4025,0,0.35812123192794143,0
US573,2023-07,2023-07-28,0.3976020487480792,0,0.5725,1,0.5861563903444613,1
US574,2023-07,2023-07-28,0.43392558150984034,0,0.5875,1,0.4175534700233459,0
US575,2023-07,2023-07-28,0.41591232346828044,0,0.44,0,0.3027215601975848,0
US576,2023-07,2023-07-28,0.38494583090326456,0,0.3875,0,0.25338818407345787,0
US578,2023-07,2023-07-28,0.41973355804139,0,0.4225,0,0.41386839532195235,0
US579,2023-07,2023-07-28,0.4382590565507312,0,0.44,0,0.28874240132661755,0
US580,2023-07,2023-07-28,0.43920812947484855,0,0.395,0,0.27583163196970184,0
US581,2023-07,2023-07-28,0.42934429752497566,0,0.475,0,0.4432730342864388,0
US582,2023-07,2023-07-28,0.4507107239226633,0,0.505,1,0.5605091233533441,1
US583,2023-07,2023-07-28,0.4482989280713608,0,0.5225,1,0.4552858032347308,0
US584,2023-07,2023-07-28,0.40744710453635624,0,0.465,0,0.30655532957677395,0
US585,2023-07,2023-07-28,0.413160933340463,0,0.355,0,0.18624443612183708,0
US586,2023-07,2023-07-28,0.4080545099250751,0,0.4025,0,0.17833159725765318,0
US589,2023-07,2023-07-28,0.42109371594459855,0,0.3975,0,0.2779636800436395,0
US591,2023-07,2023-07-28,0.42809864375287726,0,0.49,0,0.4491642547019284,0
US592,2023-07,2023-07-28,0.4434914177675515,0,0.5125,1,0.28268524457272787,0
US594,2023-07,2023-07-28,0.3621376271738599,0,0.5375,1,0.5215072501163003,1
US595,2023-07,2023-07-28,0.38630853152183986,0,0.45,0,0.2830342395932649,0
US596,2023-07,2023-07-28,0.4022053801090971,0,0.475,0,0.4182732209466282,0
US597,2023-07,2023-07-28,0.4279085508180586,0,0.46,0,0.5263837868724255,1
US598,2023-07,2023-07-28,0.4197738872250021,0,0.4925,0,0.13481112756483454,0
US599,2023-07,2023-07-28,0.4335737150935476,0,0.5025,1,0.2511566422529837,0
US600,2023-07,2023-07-28,0.40931670215601557,0,0.415,0,0.1416030132541785,0
US601,2023-07,2023-07-28,0.42002528519121834,0,0.43,0,0.10198056627854454,0
US602,2023-07,2023-07-28,0.4668104499153155,0,0.575,1,0.5297889317922106,1
US603,2023-07,2023-07-28,0.4357591890027441,0,0.4925,0,0.24784102384271653,0
US605,2023-07,2023-07-28,0.45211912165463214,0,0.4975,0,0.12289008552583662,0
US607,2023-07,2023-07-28,0.41451440340891776,0,0.505,1,0.2214675879885404,0
US608,2023-07,2023-07-28,0.4543450703991219,0,0.465,0,0.2359308578751628,0
US609,2023-07,2023-07-28,0.4272492647824067,0,0.4625,0,0.28796789669102574,0
US610,2023-07,2023-07-28,0.39708074663120446,0,0.45,0,0.11704662879806528,0
US611,2023-07,2023-07-28,0.39838794425285184,0,0.5675,1,0.3385807121393205,0
US612,2023-07,2023-07-28,0.40013348426347695,0,0.49,0,0.21985087067542233,0
US613,2023-07,2023-07-28,0.45236685535524096,0,0.545,1,0.3016230843306396,0
US614,2023-07,2023-07-28,0.43624033576631743,0,0.515,1,0.3362020815584903,0
US615,2023-07,2023-07-28,0.42927789356966756,0,0.5075,1,0.2689859872466596,0
US619,2023-07,2023-07-28,0.445061352976117,0,0.5625,1,0.5847651854910778,1
US620,2023-07,2023-07-28,0.41310842436494416,0,0.51,1,0.3414566622788123,0
US621,2023-07,2023-07-28,0.4587021237514609,0,0.4975,0,0.4442646387236896,0
US622,2023-07,2023-07-28,0.4276183026608318,0,0.71,1,0.6710907101960278,1
US623,2023-07,2023-07-28,0.40964604977241004,0,0.5425,1,0.3530520048243002,0
US625,2023-07,2023-07-28,0.41650389131774956,0,0.505,1,0.19150892451447027,0
US626,2023-07,2023-07-28,0.4685891254804947,0,0.54,1,0.325617294080665,0
US627,2023-07,2023-07-28,0.4185605608034998,0,0.4925,0,0.463571325719385,0
US628,2023-07,2023-07-28,0.4208789846666892,0,0.49,0,0.23564708994488273,0
US630,2023-07,2023-07-28,0.41228720341199,0,0.4625,0,0.3109583940868901,0
US631,2023-07,2023-07-28,0.3868716132441251,0,0.5225,1,0.3150792779813772,0
US633,2023-07,2023-07-28,0.400015568753706,0,0.445,0,0.4974506629728284,0
US634,2023-07,2023-07-28,0.4546153482812587,0,0.51,1,0.36398217500435187,0
US637,2023-07,2023-07-28,0.41119948909633586,0,0.56,1,0.3616084866171273,0
US638,2023-07,2023-07-28,0.4187163407939589,0,0.465,0,0.3193084828483436,0
US641,2023-07,2023-07-28,0.3651788318811248,0,0.415,0,0.20658909846369192,0
US642,2023-07,2023-07-28,0.3760194082455229,0,0.4,0,0.17984432560743405,0
US643,2023-07,2023-07-28,0.39092501989752015,0,0.4925,0,0.2520901414975404,0
US644,2023-07,2023-07-28,0.41441679532111847,0,0.48,0,0.2760200501983914,0
US646,2023-07,2023-07-28,0.4021768274667759,0,0.395,0,0.30284768417381586,0
US647,2023-07,2023-07-28,0.40074910745408554,0,0.4175,0,0.21076370085074397,0
US648,2023-07,2023-07-28,0.3975100514331582,0,0.4075,0,0.27701782137799036,0
US649,2023-07,2023-07-28,0.41664453565052056,0,0.3625,0,0.25937980821691436,0
US650,2023-07,2023-07-28,0.3779012894824127,0,0.4575,0,0.2123412067706763,0
