stock_id,month_id,ridge,rf,hgbr,mean_pred_excess
US001,2023-07,-0.006927281358178919,-0.008927911561039795,-0.0026856284077649687,-0.006180273775661227
US002,2023-07,-0.010202222189709285,-0.0118230227799946,-0.007135849916097835,-0.009720364961933908
US003,2023-07,-0.011088914399843938,0.007045967122066986,-0.004730784301673184,-0.0029245771931500453
US004,2023-07,-0.013252398862607392,0.005501873059131869,-0.00874492443613069,-0.005498483413202071
US005,2023-07,-0.0011958382772934793,-0.0020004656976227568,0.0029342386502863582,-8.735510820995927e-05
US006,2023-07,-0.0021061455521852474,0.013226243942576687,0.006377807512006632,0.005832635300799357
US007,2023-07,0.014726197418176832,0.03595900280648816,0.013012970716116798,0.02123272364692726
US008,2023-07,-0.02015906326843781,0.01972689822513014,-0.006674893782075767,-0.0023690196084611465
US009,2023-07,-0.016078509623321996,0.003566489288815461,-0.003455718191921877,-0.005322579508809471
US010,2023-07,-0.01420341483735865,0.006606359292473753,-0.010456153007868223,-0.006017736184251041
US011,2023-07,-0.006979851039251049,0.005055468755699064,-0.00015359006131779389,-0.0006926574482899265
US012,2023-07,-0.0006648524950962006,-0.010534469213530448,0.0005728464831056838,-0.0035421584085069883
US013,2023-07,-0.005543520801859939,0.010432788349174011,0.001516444842823803,0.0021352374633792914
US014,2023-07,-0.006552119846122225,-0.015294329069554318,-0.004918143778826377,-0.00892153089816764
US015,2023-07,-0.014374312527580183,-0.0069637506102866766,-0.006440883827672794,-0.009259648988513218
US016,2023-07,-0.007283003161643983,-0.012381909047198549,-0.006054115495545106,-0.00857300923479588
US017,2023-07,-0.009794264597353315,1.4604433617254956e-05,-0.0057126365085618915,-0.005164098890765984
US018,2023-07,-0.013997747232316582,0.020132433764139344,-0.009045819594309843,-0.0009703776874956938
US019,2023-07,-0.016427134379792818,0.0019474203909941113,-0.005405819958023315,-0.006628511315607342
US020,2023-07,-0.007542438468212981,0.02466265745929501,0.008603376983056594,0.00857453199137954
US021,2023-07,-0.010843389677724238,0.01934299882404728,0.007921416550593597,0.005473675232305546
US022,2023-07,-0.010115620808398418,0.005424650581103541,-0.009168762159666752,-0.004619910795653877
US023,2023-07,-0.002858775735807298,0.036897943451386646,0.026996305228348106,0.020345157647975818
US024,2023-07,-0.014643290071686072,0.01469677330594258,-0.005676536896303285,-0.001874351220682259
US025,2023-07,-0.017529287953185313,0.03246011569238905,-0.008834907483151825,0.0020319734186839693
US026,2023-07,-0.013756088392483988,0.030969093912873773,-0.009457841552154381,0.0025850546560784674
US027,2023-07,-0.012486522386539618,0.004221408593993346,-0.0012768499901248437,-0.003180654594223705
US028,2023-07,-0.01899988069384677,0.0002064407699598423,-0.008533532219294298,-0.009108990714393741
US029,2023-07,-0.01479112661716494,0.014448535012456042,-0.008679681501703245,-0.003007424368804048
US030,2023-07,-0.013902081296823241,0.031926204355016016,-0.005337041627879625,0.004229027143437716
US031,2023-07,-0.017391882157000466,0.009425707504936013,-0.004527478061859846,-0.004164550904641433
US032,2023-07,-0.010200970029703103,0.007234731780639377,-0.005472369671099115,-0.0028128693067209468
US033,2023-07,-0.010629424384223577,-0.005917223749231931,-0.0028969125656374676,-0.006481186899697659
US034,2023-07,-0.006266424628814606,0.0011621402051591105,0.00328155216621695,-0.0006075774191461816
US035,2023-07,-0.006034446672730646,-0.0004838765525311661,0.0023282243457635556,-0.001396699626499419
US036,2023-07,-0.01482181671998383,0.008724705903090196,-0.0017874780698119068,-0.0026281962955685134
US037,2023-07,0.0026505490745436858,-0.07844040720760448,-0.020837770452488663,-0.03220920952851649
US038,2023-07,-0.0112288281490355,0.011260666514519013,-0.0002119054170255183,-6.002235051400192e-05
US039,2023-07,-0.003980801312160498,0.023706780755007296,0.0173809551883435,0.012368978210396767
US040,2023-07,0.0005738797653840558,0.0009677199477395652,0.0016966025404593814,0.0010794007511943343
US041,2023-07,-0.013499723452301554,-0.008836410834787284,-0.0043134282595721374,-0.008883187515553658
US042,2023-07,-0.01635852438730851,-0.0015361373579671675,-0.007656861150513173,-0.008517174298596284
US043,2023-07,-0.014591266438544857,0.0010344578043248965,-0.010277176227047206,-0.00794466162042239
US044,2023-07,0.0016786485434885732,0.007376804673997847,0.004006355029853337,0.004353936082446586
US045,2023-07,-0.015106515535933408,0.00995505859359956,-0.0008440415432100273,-0.001998499495181292
US046,2023-07,-0.017981902354902102,0.00800233140384419,-0.005735328477855255,-0.005238299809637722
US047,2023-07,-0.014999289796754507,0.0018847024631550705,-0.0014605812401495763,-0.004858389524583004
US048,2023-07,-0.017879189495747877,0.017594771583890997,-0.016887555057617444,-0.005723990989824775
US049,2023-07,-0.00365211284179464,0.031872676353116886,0.010138242039034821,0.012786268516785689
US050,2023-07,-0.010104357736047438,0.016554925471943767,0.005573619130994055,0.004008062288963461
US051,2023-07,-0.008524880238464433,0.0004066002523225148,-0.002848191934011004,-0.0036554906400509735
US052,2023-07,-0.015485040106580387,0.006526293165487081,-0.007782978381425036,-0.005580575107506113
US053,2023-07,-0.010352322999302643,0.00855129867911145,-0.005604837200463946,-0.0024686205068850465
US054,2023-07,-0.004084270836558096,-0.00011205643127768719,-0.0012775426039699452,-0.0018246232906019098
US055,2023-07,-0.00040145607324826825,-0.09957738286844903,-0.01032520095615958,-0.03676801329928562
US056,2023-07,-0.011394360479990102,0.015818844746277805,-0.004898344067997807,-0.00015795326723670126
US057,2023-07,-0.010554640053916571,-0.0013411023701689782,-0.0019663194809870933,-0.004620687301690881
US058,2023-07,-0.009601748467920501,-0.004347626115542153,-0.0029871948244405773,-0.0056455231359677435
US059,2023-07,-0.011033114028041436,0.013931861404401785,-0.004919213157853766,-0.000673488593831139
US060,2023-07,-0.01493133839401335,0.004038011448564868,-0.006480856036578347,-0.005791394327342277
US061,2023-07,-0.012408753558050984,0.005169965318633333,-0.003819926532006984,-0.003686238257141545
US062,2023-07,-0.013127140928906914,-0.014877838903618747,-0.005627776782125172,-0.011210918871550277
US063,2023-07,-0.011380876631060412,-0.009093312441577876,-0.0056038394292658045,-0.008692676167301364
US064,2023-07,-0.01603456709329653,0.009206214135595827,-0.0036178588630438836,-0.0034820706069148624
US065,2023-07,-0.010557898207434215,-0.008331540385167991,-0.0012768499901248437,-0.006722096194242349
US066,2023-07,-0.007393560204689474,0.05613849439290336,0.011920443697867324,0.020221792628693735
US067,2023-07,-0.016818513369174275,0.002832425554123213,-0.0014402356484380537,-0.0051421078211630385
US068,2023-07,-0.006745153401492586,-0.0017544923347009966,-0.0017730685898134583,-0.003424238108669013
US069,2023-07,-0.005844130709097516,-0.015169447434529651,-0.0009489544249494724,-0.007320844189525547
US070,2023-07,-0.010641902992981784,-0.004947139408579988,-0.005673835613919186,-0.007087626005160319
US071,2023-07,-0.014743577858207192,0.0009081755836808461,-0.012688115449402237,-0.00884117257464286
US072,2023-07,0.0028710919153739547,0.004113724634154658,0.02458646873494489,0.010523761761491168
US073,2023-07,-0.007961750834137709,0.003957056671367893,-0.0022051550724126218,-0.0020699497450608127
US074,2023-07,-0.017895952737343013,0.0033977797921032117,-0.005018625943439439,-0.006505599629559746
US075,2023-07,-0.012005958758404997,0.007076874986120878,-0.0035912108642875314,-0.0028400982121905504
US076,2023-07,0.0005605877232553562,-0.007631506532635762,0.005822863598630631,-0.000416018403583258
US077,2023-07,-0.012279823581147055,-0.005427050819080378,-0.003842907353891266,-0.0071832605847062326
US078,2023-07,-0.01696957275406292,-0.025933620193203243,-0.018442702855955728,-0.020448631934407296
US079,2023-07,-0.007151444109808282,-0.006941026230006555,-0.007674939307260925,-0.007255803215691921
US080,2023-07,-0.004661313765621048,0.03899400486241697,0.0075782030585015625,0.013970298051765829
US081,2023-07,-0.006998194593912403,-0.009859374325799638,-0.005852942734312904,-0.007570170551341647
US082,2023-07,-0.013937103053759422,0.01075354327899065,-0.007764898258855335,-0.003649486011208035
US083,2023-07,-0.007771159797432396,0.008776994443048265,-0.002992818575453347,-0.0006623279766124927
US084,2023-07,-0.00982357429568866,-0.013194669927963486,-0.0018603775087942304,-0.008292873910815459
US085,2023-07,-0.01353203942769672,0.016773890175340714,-0.002508061263927545,0.00024459649457214986
US086,2023-07,-0.004889186037177308,0.0007086160686416743,-0.014842791820231762,-0.006341120596255798
US087,2023-07,0.0036808079933449422,0.009324816057105159,-0.0060797883734445765,0.002308611892335175
US088,2023-07,-0.004610436962089187,0.008778373465641585,-0.0007136606833073563,0.001151425273415014
US089,2023-07,-0.004603625983566105,-0.01665909903630797,-0.0007455217866032058,-0.007336082268825761
US090,2023-07,-0.01754110345137068,0.004613699419411654,-0.013478279986788648,-0.008801894672915892
US091,2023-07,-0.015502887480826085,0.00013310047308183478,-0.007225788276122527,-0.007531858427955593
US092,2023-07,-0.010373746745473457,0.0049849918152734905,-0.004400515061901313,-0.0032630899973670933
US093,2023-07,-0.01228109762303887,0.00703958374665747,0.0004211675325617106,-0.0016067821146065631
US094,2023-07,-0.011535425166789131,-0.00411603412147091,-0.005860246096434626,-0.007170568461564889
US095,2023-07,-0.01689619651567626,0.014427214949979198,-0.013985789383739804,-0.005484923649812289
US096,2023-07,-0.010408426349049529,-0.04019893871608983,-0.008365094480674495,-0.019657486515271286
US097,2023-07,-0.0147756862831086,-0.0011347708706687504,-0.005299454558907994,-0.007069970570895115
US098,2023-07,-0.011182060110965808,-0.014471529370340656,-0.0013552354445959178,-0.00900294164196746
US099,2023-07,-0.01909464752177932,-0.0010135603254255324,-0.005653881815481323,-0.008587363220895393
US100,2023-07,-0.0002626559893154166,-0.02774104452200615,-0.00968651475073051,-0.01256340508735069
US101,2023-07,0.0009818862225064104,0.00863325933479362,-0.009250126420413125,0.00012167304562896858
US102,2023-07,-0.013829987669232406,0.010069515095622478,-0.008762730780843697,-0.004174401118151208
US103,2023-07,-0.012777163446228009,0.014584340441348686,-0.008239343882909068,-0.002144055629262797
US104,2023-07,-0.015143488887921582,-0.0003564898824959088,-0.0035330635095281704,-0.0063443474266485535
US105,2023-07,-0.018154434741606523,0.005129016996999631,-0.005326487912168714,-0.006117301885591868
US106,2023-07,-0.012652625419516885,0.008282918810623499,-0.011160236716666959,-0.0051766477751867815
US107,2023-07,-0.006777069815604395,0.007126539766900032,-0.0064202140628534035,-0.0020235813705192555
US108,2023-07,-0.014155382573739885,-0.005592401122883656,-0.0017148477199516313,-0.007154210472191724
US109,2023-07,-0.015423566605554778,-0.025308170430596882,-0.0004244892875781462,-0.013718742107909937
US110,2023-07,-0.013035340718955525,0.0008600130913559524,-0.013817450896568164,-0.008664259508055912
US111,2023-07,-0.015829145959213996,0.013002306950669416,-0.010422140332644192,-0.004416326447062924
US112,2023-07,-0.018645352241496743,0.018129551559430843,-0.008859400984568503,-0.003125067222211468
US113,2023-07,-0.01345423486865391,0.006191470572927151,-0.00862324684031052,-0.005295337045345759
US114,2023-07,-0.007888590051409098,-0.005861927384775314,-0.0058643615174841035,-0.006538292984556171
US115,2023-07,0.008660782192199403,-0.05379077349724113,-0.0023826651392723813,-0.015837552148104703
US116,2023-07,-0.009649885205863537,0.003192167818097834,-0.009168762159666752,-0.005208826515810818
US117,2023-07,-0.012698156740730234,-0.001698573483893513,-0.005231474615357945,-0.006542734946660564
US118,2023-07,-0.011930133401182033,-0.003784224297583288,-0.008058199005966786,-0.007924185568244035
US119,2023-07,0.004636888210747323,-0.033459318791217635,-0.01716797216575255,-0.015330134248740954
US120,2023-07,-0.017550842419886213,0.017771056268806488,-0.012876026110355005,-0.00421860408714491
US121,2023-07,-0.009594091777911772,0.005275935003777439,-0.012808050231800715,-0.0057087356686450165
US122,2023-07,-0.01164413713162516,0.043780222248398545,-0.0004917092937676128,0.010548125274335256
US123,2023-07,-0.008783354186007735,0.01271610114463952,-0.004654536362497126,-0.00024059646795511393
US124,2023-07,-0.0076632489766613535,0.006396054082567677,-0.007457147967132279,-0.002908114287075318
US125,2023-07,-0.004888767721440503,-0.010140586347199908,-0.0004651865724607869,-0.0051648468803670656
US126,2023-07,-0.011629273788356187,0.016183921017928503,0.0031163089850258104,0.0025569854048660425
US127,2023-07,-0.007252375131525201,0.0017313480666239678,-0.0014894497306341891,-0.0023368255985118072
US128,2023-07,-0.013145100179990493,0.0069154269071280625,-0.0068077136838249,-0.0043457956522291105
US129,2023-07,-0.007971960370937696,0.007170413495809911,-0.006756493725932893,-0.002519346867020226
US130,2023-07,0.0015396944091014865,-0.07686196476135992,-0.007992447888177512,-0.027771572746811985
US131,2023-07,0.008777095081271313,0.04740482414639895,0.00857025462460658,0.021584057950758948
US132,2023-07,-0.019461180613895998,-0.002117976908666063,-0.008920523877745262,-0.010166560466769108
US133,2023-07,-0.008608606428072919,0.009598021666463908,-0.000394868689676521,0.0001981821829048229
US134,2023-07,-0.009141190533315694,-0.007984544221585814,-0.0021048566550193643,-0.00641019713664029
US135,2023-07,-0.012150448457551944,-0.0008843335529226401,-0.0063691113200387995,-0.006467964443504462
US136,2023-07,-0.013936514063045807,0.002623154171360787,-0.0051377546873014384,-0.005483704859662153
US137,2023-07,-0.01170195936474003,0.002622380526615428,-0.012764099047368246,-0.00728122596183095
US138,2023-07,0.0032292593675208956,0.024676393123377674,-0.005243203542169148,0.007554149649576473
US139,2023-07,-0.011394211445686685,-0.003115183514271662,-0.007351581017693744,-0.0072869919925506975
US140,2023-07,-0.011207158982310752,0.04210519885583133,0.006840087446687859,0.012579375773402813
US141,2023-07,-0.009466419934371221,0.003562953734598873,-0.0030189416625880316,-0.0029741359541201264
US142,2023-07,-0.011700019736682913,-0.004312264395231287,-0.0024160587295430805,-0.006142780953819094
US143,2023-07,-0.003042210557298272,-0.00576641646639689,0.0022195663319626107,-0.00219635356391085
US144,2023-07,-0.00824449626599695,0.002106644022602398,-0.008008598600821306,-0.00471548361473862
US145,2023-07,0.004299031496035818,-0.061191250615272204,-0.008591891698032447,-0.02182803693908961
US146,2023-07,-0.008302065724538657,0.02073076051941989,-0.0036864255865613708,0.0029140897361066205
US147,2023-07,-2.2407941041722307e-05,-0.07243504195170024,-0.01974150387525773,-0.03073298458933323
US148,2023-07,-0.012840288384932145,0.01250897181823767,-0.005976248617832084,-0.00210252172817552
US149,2023-07,-0.0006692936208821908,0.002878407620025456,-0.017026925205245312,-0.004939270402034015
US150,2023-07,-0.01163837359115784,0.007118330310306036,-0.005348244446482249,-0.0032894292424446845
US151,2023-07,-0.015394026640380616,0.018825595587798404,-0.0018976165996783464,0.0005113174492464805
US152,2023-07,-0.012214908407823676,-0.014381043464596621,-0.003608423964925168,-0.010068125279115154
US153,2023-07,-0.011535971742703348,0.023415063576781418,0.0017790658242495137,0.004552719219442528
US154,2023-07,-0.011275442495568873,0.00019372384573200743,-0.005736229459940818,-0.005605982703259228
US155,2023-07,-0.01027475660721536,-0.031167894503937702,-0.005983559500471228,-0.01580873687054143
US156,2023-07,-0.00857219882735037,0.015395035839776652,-0.0026833797948729644,0.0013798190725177728
US157,2023-07,-0.01738448769356391,0.023603738235532332,-0.0057481726356275855,0.0001570259687802784
US158,2023-07,-0.016404637377190813,0.02681076953737449,-0.009229533986324302,0.00039219939128645856
US159,2023-07,-0.01205683398288047,-0.034435426351702124,-0.00667364894355858,-0.017721969759380393
US160,2023-07,-0.009833404062101278,-0.014149544195158284,-0.006116264959325455,-0.010033071072195006
US161,2023-07,-0.005368689451047648,-0.003319043004907038,-0.0002269422131241326,-0.0029715582230262732
US162,2023-07,-0.014311637493435203,-0.0027269661805831547,0.0011281479627524634,-0.005303485237088631
US163,2023-07,-0.007563139959143565,0.00949857606968438,-0.0005868480564612322,0.00044952935135986086
US164,2023-07,-0.014943388926886772,0.021856728562227697,-0.012951180283591367,-0.002012613549416814
US165,2023-07,-0.012526666765663113,0.007001427475485736,-0.004308494353728292,-0.003277911214635223
US166,2023-07,-0.017915300917481898,-0.004925472731906314,-0.012764761673850027,-0.011868511774412746
US167,2023-07,-0.012564779187831656,0.0008971201599478995,-0.0055384097279626175,-0.005735356251948791
US168,2023-07,-0.009565209165185723,0.004382124062777786,-0.0022276298733624974,-0.002470238325256811
US169,2023-07,-0.005245929073325327,0.004984097786857083,-0.002958196696987274,-0.0010733426611518394
US170,2023-07,-0.016439013458250065,0.045218370502332815,-0.0049887777522402655,0.007930193097280828
US171,2023-07,0.004277793537364254,-0.07108829105101147,-0.015563513996257373,-0.027458003836634864
US172,2023-07,1.7768208656308848e-06,0.012565119200508689,-0.022417672048678464,-0.003283592009101381
US173,2023-07,0.005893913124585063,-0.10700172167041869,-0.008244764664680281,-0.03645085773683797
US174,2023-07,-0.009402987597586898,0.002334892800220262,-0.0028256753564461848,-0.0032979233846042737
US175,2023-07,-0.010287533656744528,0.007860429420024975,-0.0034178384271983126,-0.0019483142213059552
US176,2023-07,-0.015209088977088827,0.007643923610218893,-0.008380421315486166,-0.005315195560785367
US177,2023-07,-0.017463757409921017,0.006262740536013393,-0.005918620414129651,-0.005706545762679091
US178,2023-07,-0.013989630081238212,0.007856700350783582,-0.008618846540699282,-0.0049172587570513035
US179,2023-07,-0.011610233843603162,-0.022022690692292613,-0.009307777015939902,-0.014313567183945225
US180,2023-07,-0.014619665061505268,-0.0005740339838317137,-0.01216926924842231,-0.009120989431253097
US181,2023-07,-0.01830478591608818,0.03227599052012719,-0.013799370773998464,5.727794334684765e-05
US182,2023-07,-0.015872703032877453,0.03656247245194052,-0.01281979121629221,0.002623326067590285
US183,2023-07,-0.016975796673836814,0.02442059140148178,-0.012808050231800715,-0.001787751834718583
US184,2023-07,0.0032161858468740152,-0.04365978541770813,-0.01548505950259017,-0.018642886357808097
US185,2023-07,-0.00661340705517933,-0.019621926701339727,-0.004623299531384347,-0.010286211095967801
US186,2023-07,-0.011659349505959442,0.0011649393794554866,-0.003298743115456076,-0.00459771774732001
US187,2023-07,-0.019436862247091617,0.0008765150230078765,-0.01241073794682204,-0.010323695056968592
US188,2023-07,0.002580809815087978,-0.03948577657858738,-0.011834538890293247,-0.016246501884597548
US189,2023-07,-0.011822834462481347,0.007757111265719668,0.0011525725453686946,-0.0009710502171309948
US190,2023-07,-0.017796667264509458,0.006632459495020043,-0.0032854367594545284,-0.004816548176314648
US191,2023-07,-0.008200132282407572,0.027021309739893105,0.005012410880080013,0.007944529445855183
US192,2023-07,-0.00943444931966153,0.007587095456173068,0.001433297742935603,-0.00013801870685095259
US193,2023-07,-0.017304331925927,-0.007812927627680174,-0.009284766576003248,-0.011467342043203474
US194,2023-07,-0.004026885477939841,-0.0006302198731628455,-0.0017331148020876496,-0.002130073384396779
US195,2023-07,-0.008819221332796987,-0.01339994526752908,-0.005573307752320848,-0.00926415811754897
US196,2023-07,-0.017439408725022844,-0.031090717633898007,-0.00850003136125103,-0.019010052573390626
US197,2023-07,0.0036779886698112135,0.005312200843811756,-0.0075464647431056405,0.00048124159017244307
US198,2023-07,-0.017946369220771828,0.013492341942369993,-0.008859400984568503,-0.004437809420990113
US199,2023-07,-0.007261421915896278,0.018177242738113157,0.006570090691912421,0.005828637171376434
US200,2023-07,-0.0038576654498904267,0.007519933719766283,0.021909151015563306,0.00852380642847972
US201,2023-07,-0.0066586878533402855,0.04343000292630379,0.006897123554451942,0.014556146209138483
US202,2023-07,-0.008397575858503611,0.0024082695935308657,-0.0026636631617951464,-0.002884323142255964
US203,2023-07,-0.01984292603687507,0.00976568020827397,-0.005635820964856089,-0.0052376889311523955
US204,2023-07,-0.01971297712274407,0.0021397331826127006,-0.005814195391866513,-0.007795813110665961
US205,2023-07,-0.017193276405473974,-0.009145795844929827,-0.006185638978182046,-0.010841570409528614
US206,2023-07,-0.007560171224737438,-0.03203287323473602,-0.0025851134596411034,-0.014059385973038185
US207,2023-07,-0.009545048592571256,0.009329620195068744,-0.010034461881202834,-0.003416630092901782
US208,2023-07,-0.008300160826284727,0.012563733550789326,-0.004491547446806913,-7.599157410077134e-05
US209,2023-07,-0.0003714095550282487,-0.0055028190875507435,0.00012898205738542677,-0.0019150821950645219
US210,2023-07,-0.006876508085470514,0.0023463431249559157,-0.005567748675139325,-0.0033659712118846406
US212,2023-07,-0.012420890223179227,0.054260160120589915,0.0058841351232575894,0.015907801673556092
US213,2023-07,-0.0027141465748640172,-0.02259667857864767,-0.019159180301153933,-0.014823335151555206
US214,2023-07,-0.012227902552406114,0.0003400822543971611,-0.009421815757244847,-0.007103212018417934
US215,2023-07,-0.008205544479295945,0.006036866439480005,-0.0011606426434556858,-0.0011097735610905422
US216,2023-07,-0.00709524427694678,-0.008275961286287818,-0.0004914326284165263,-0.005287546063883708
US217,2023-07,-0.014361510234707364,-0.005476433973607496,-0.006251193919062786,-0.008696379375792549
US218,2023-07,-0.014732724693513303,0.009224359519781889,-0.008051794834385215,-0.004520053336038876
US219,2023-07,-0.009341531954015258,-0.0018706165585306567,-0.0066185894415424435,-0.005943579318029452
US220,2023-07,-0.023351803862474332,0.003756878077529665,-0.014303512448108183,-0.011299479411017617
US221,2023-07,-0.012933655881859562,0.024954947081085047,0.001641060722568978,0.004554117307264821
US222,2023-07,-0.015493501944357444,0.004866429222099899,-0.001840912593212528,-0.0041559951051566915
US223,2023-07,0.0022286664358258657,-0.05572051475169117,-0.006764037829883379,-0.020085295381916227
US224,2023-07,-0.018035051277129774,-0.0017879901877130642,-0.014463678708261174,-0.011428906724368004
US225,2023-07,-0.010792599839923742,-0.004107917823528737,-0.004759493955556522,-0.006553337206336334
US226,2023-07,-0.009166413625585474,0.014189492509458952,-0.002691641328317762,0.0007771458518519053
US227,2023-07,-0.016080764947119013,-0.0051761634558580485,-0.004143576792179928,-0.00846683506505233
US228,2023-07,-0.015795747399223438,0.007038951868272921,-0.006096135303277918,-0.004950976944742812
US229,2023-07,-0.012453947581946302,0.004973620749030221,-0.012885336049324616,-0.006788554294080232
US230,2023-07,-0.007780006031726482,-0.0003205765671721371,0.0017142732368714227,-0.0021287697873423987
US231,2023-07,-0.00969771278861767,-0.0008686094855751067,-0.004509009265760684,-0.005025110513317821
US232,2023-07,-0.013368686036039261,0.004184212014159877,-0.012951180283591367,-0.007378551435156917
US233,2023-07,-0.010080205635642476,0.018330894698030224,-0.00011748949386697053,0.002711066522840259
US234,2023-07,-0.006850438523937961,0.004108795725810187,-0.0024375560320168597,-0.001726399610048211
US235,2023-07,-0.013889517423365557,-0.00012996472992527402,-0.012764761673850027,-0.00892808127571362
US236,2023-07,-0.01671336811442071,-0.017674229476238038,-0.005402290892837369,-0.013263296161165374
US237,2023-07,-0.00792608395007096,0.007338341582630229,-0.0019818902124329333,-0.0008565441932912215
US238,2023-07,-0.009603593228833252,0.009776228140252556,-0.0024315846611910343,-0.0007529832499239101
US239,2023-07,-0.006640956139904458,0.002255712662448001,-0.0030955864843495444,-0.002493609987268667
US240,2023-07,-0.0015965135431188927,0.0006949351445114615,-0.0032772607557350576,-0.0013929463847808295
US241,2023-07,-0.016128274413582465,-0.029774909648811278,-0.0030150481553147816,-0.01630607740590284
US242,2023-07,-0.012145859541269266,0.012786867405813428,-0.004001411116679554,-0.0011201344173784637
US243,2023-07,-0.007565953462300205,0.0047616462303733224,-0.0009785307563247147,-0.0012609459960838659
US244,2023-07,-0.011985207710718633,0.007782994606066762,-0.002782205410866078,-0.0023281395051726497
US245,2023-07,-0.007584420832345007,0.0052482473639424996,-0.0014591870311488374,-0.001265120166517115
US246,2023-07,-0.006919773520510621,0.008607741815166598,-0.0019988605681599473,-0.00010363075783465696
US247,2023-07,-0.018049665953205625,-0.01869326296703712,-0.01858893859846725,-0.01844395583957
US248,2023-07,-0.009832839445449422,0.000398404303277999,-0.0035299099540569553,-0.004321448365409459
US249,2023-07,-0.012141458366779085,0.009834783622259589,-0.005899441657687627,-0.002735372134069041
US250,2023-07,0.0027014658077874603,0.007848364004922797,0.0029321330726098374,0.004493987628440031
US251,2023-07,-0.01909810443285738,0.007625207657287731,-0.0048736886520234024,-0.005448861809197684
US252,2023-07,-0.008702176215274896,-0.022646467306274943,-0.007877080037513117,-0.01307524118635432
US253,2023-07,-0.010420308905029612,-0.0021415048921650174,-0.004387991707317587,-0.005649935168170739
US254,2023-07,-0.018241867478018724,-0.007638642350597115,-0.0054077269907963224,-0.010429412273137387
US255,2023-07,-0.008993192226483268,0.05311223916548001,0.00972518479449566,0.017948077244497467
US256,2023-07,-0.003998006235010043,0.005712414904233245,0.004964358870430982,0.002226255846551395
US257,2023-07,-0.017852036652612653,-0.014627854294201699,-0.005395831669732489,-0.01262524087218228
US258,2023-07,-0.012173446279103857,0.006922394807799328,-0.010496169281449285,-0.005249073584251271
US259,2023-07,-0.012160541274665993,0.009643642308760317,-0.005805185073460804,-0.0027740280131221605
US260,2023-07,-0.015185250552396409,0.0042197210940981625,-0.00878777921544769,-0.00658443622458198
US261,2023-07,-0.011727888045000504,-0.004359835971533969,-0.007230045387029487,-0.0077725898011879865
US262,2023-07,-0.00613973728733282,0.004714113588086667,-0.002693200147878273,-0.001372941282374809
US263,2023-07,-0.009685933608072819,0.0002095414506947161,-0.0024808816732509974,-0.003985757943543033
US264,2023-07,-0.010028564627764601,0.007414919679987629,-0.004410912253548873,-0.002341519067108615
US265,2023-07,-0.013658978886386805,0.004468528849963207,-0.004509671892242463,-0.004566707309555353
US266,2023-07,-0.008341785542242222,0.0085153235069786,-0.0004198992731077741,-8.212043612379895e-05
US267,2023-07,-0.013460856616916627,-0.006813253578313094,-0.006754230003989887,-0.009009446733073202
US268,2023-07,-0.013897444258739408,-0.0015400424548153188,-0.010995940037898218,-0.008811142250484315
US270,2023-07,-0.011652530145897405,0.009289583417586181,-0.010543141489873502,-0.004302029406061575
US271,2023-07,-0.009077663391881952,-0.03077196382914157,-0.012218161257816188,-0.01735592949294657
US272,2023-07,-0.007695293762559124,-0.011773811915929706,-0.003964036562998866,-0.007811047413829232
US273,2023-07,-0.013604178549667554,-0.001786202076721376,-0.011812162828096764,-0.009067514484828565
US274,2023-07,-0.016154633167544043,-0.010031412133871407,-0.009563243095515189,-0.011916429465643546
US275,2023-07,0.0002394822449716446,-0.03954620466527199,-0.01211711826340028,-0.017141280227900207
US276,2023-07,-0.01169562945586458,-0.00019925687680750586,-0.0014083498622290453,-0.0044344120649670435
US277,2023-07,-0.0034501506075638533,-0.0013297395330488775,0.0014196526207582683,-0.001120079173284821
US278,2023-07,-0.01088015617564477,-0.0033935165650230076,-0.00719799764843096,-0.007157223463032912
US279,2023-07,-0.012285767880956448,0.003271466057132062,-0.006511063989890102,-0.005175121937904829
US280,2023-07,-0.010649258646041899,0.012576352773406452,-0.0012666923058780903,0.0002201339404954878
US281,2023-07,-0.01330887793177001,0.004362505480429475,-0.004572354142569997,-0.004506242197970178
US282,2023-07,-0.0012984469106825484,0.007873824865789397,-0.003626651182815194,0.000982908924097218
US283,2023-07,-0.011353736235354047,-0.002651206446547179,-0.014925974947205075,-0.0096436392097021
US284,2023-07,-0.007972421894835555,-0.016015406785457362,-0.0035501465550865866,-0.009179325078459833
US285,2023-07,-0.012082639118652426,0.002387005210897858,-0.002582785855467465,-0.004092806587740677
US286,2023-07,-0.008353255191388785,0.00784202339363153,-0.004146610232749583,-0.001552614010168946
US287,2023-07,-0.005171112487282638,0.006070117304720485,-0.0024248390574328534,-0.0005086114133316689
US288,2023-07,-0.009466450344435785,0.0018262549524011903,0.0008023040667871891,-0.002279297108415802
US289,2023-07,-0.010118631538075943,-0.01085652963299774,-0.004517697585642006,-0.008497619585571896
US290,2023-07,-0.01469614256051467,0.009168580442598587,-0.0014162308341495757,-0.002314597650688553
US291,2023-07,-0.010256515709841837,0.0007825899490210847,-0.005178412175541515,-0.004884112645454089
US292,2023-07,-0.011669589421898616,-0.0005845811554699537,-0.010168916174469208,-0.007474362250612592
US293,2023-07,-0.016992543943248194,0.003052301326202437,-0.012797757078139961,-0.008912666565061907
US294,2023-07,-0.009454904657290677,0.022658089594186984,7.093936231361203e-05,0.004424708099736639
US295,2023-07,-0.007066624286495253,0.005941343753407821,-0.003204818304416732,-0.0014433662791680547
US296,2023-07,-0.007391907345521325,-0.05576619667182004,-0.006498978516573482,-0.02321902751130495
US297,2023-07,-0.01356956865576659,-0.006940677294232029,-0.004644355764062149,-0.008384867238020255
US298,2023-07,0.0029922765595905183,-0.058794424095825686,-0.015235971721210806,-0.02367937308581532
US299,2023-07,-0.009826681073867699,-0.016872636435190234,-0.015146818263153599,-0.013948711924070512
US300,2023-07,-0.006673347910257841,-0.005753352787768058,-0.001915522287546492,-0.004780740995190797
US301,2023-07,-0.016490127710254578,0.00486968062592869,-0.0053981779089640365,-0.005672874997763308
US302,2023-07,-0.009638895059009375,-0.008154741529262438,-0.0019101530555693236,-0.0065679298812803795
US303,2023-07,-0.007898186986459712,-0.005932302231258336,-0.004485248206439966,-0.006105245808052671
US304,2023-07,-0.01379203285095706,0.006577610937309784,-0.004332149299035582,-0.003848857070894286
US305,2023-07,-0.016915859649000047,-0.016740375332703058,-0.0034876348618169185,-0.012381289947840006
US306,2023-07,-0.010638403154115237,0.002998062774724129,-0.004802120915566307,-0.0041474870983191385
US307,2023-07,-0.010107552438332505,0.007185531250328071,-0.0068796269196698895,-0.003267216035891441
US308,2023-07,-0.008484731881724824,0.012404474899569877,-0.0011349911840622083,0.0009282506112609484
US309,2023-07,-0.0099386687956198,0.008614654264797622,-0.0036088569024529827,-0.001644290477758387
US310,2023-07,-0.013386375217448473,0.004160934141587173,-0.0036955353457238595,-0.004306992140528387
US311,2023-07,-0.006959024899549781,0.016272873740554274,0.016279076496560095,0.00853097511252153
US312,2023-07,-0.01613846528405441,-0.019189324773765257,-0.003446733019077848,-0.012924841025632504
US313,2023-07,-0.014413221913040673,0.012530952823093825,-0.005174852941314322,-0.0023523740104203898
US314,2023-07,-0.011487719457160284,-0.010696275835567148,-0.006601257481691443,-0.009595084258139625
US315,2023-07,-0.007410832278287883,0.00155905265646101,-0.0014861343128796292,-0.0024459713115688344
US316,2023-07,0.00314441783083462,0.006260691911879012,0.006751640901203472,0.005385583547972368
US317,2023-07,-0.002262195538070338,0.03765554523770678,0.006400808748451776,0.01393138614936274
US318,2023-07,-0.02059901121823912,0.004719884941418902,-0.008406462881606146,-0.008095196386142122
US319,2023-07,-0.011932823382468935,-0.005871386435957746,-0.0012202324481782856,-0.006341480755534989
US320,2023-07,-0.012199426088448992,-0.02055427216799775,-0.005706041795287905,-0.012819913350578216
US321,2023-07,-0.009943884416160922,-0.015332917459076617,-0.005178970018333724,-0.010151923964523754
US322,2023-07,-0.01130354109655219,0.009831662161142883,-0.005583869361924587,-0.0023519160991112976
US323,2023-07,-0.008045441509941291,0.012470766372390318,-0.009310182738936836,-0.0016282859588292696
US324,2023-07,-0.00437480815270681,-0.004709403685159935,-0.0013717222449544995,-0.0034853113609404148
US325,2023-07,-0.008937637971041787,0.006571032219900703,-0.009290862776906725,-0.003885822842682603
US326,2023-07,-0.014185860127975463,0.0054297714888271965,-0.001969959573161731,-0.0035753494041033326
US327,2023-07,-0.015929142985436913,0.009557371574160341,-0.005147946322787289,-0.00383990591135462
US328,2023-07,-0.008144850713763023,-0.034686489344669426,-0.010566454438044562,-0.017799264832159004
US329,2023-07,-0.009299752957618894,0.005932796764299151,-0.0030544797834102183,-0.0021404786589099872
US330,2023-07,-0.016069544376269937,-0.005204744762561167,-0.009945873087944083,-0.010406720742258397
US331,2023-07,-0.010974934528546603,0.004916008273559741,-0.004115192248325932,-0.0033913728344375977
US332,2023-07,-0.009652668463100545,0.00231973425569435,0.0038035946035733337,-0.001176446534610954
US333,2023-07,-0.011008582131189782,-0.008526774689351584,-0.0005662069224878256,-0.006700521247676398
US334,2023-07,-0.004127906686209567,-0.004481500764272752,-0.004034783174256959,-0.004214730208246426
US335,2023-07,-0.017425536975395547,-0.0084548434975309,-0.007198105391388096,-0.011026161954771517
US336,2023-07,-0.017546101524887732,-0.0055019940834043594,-0.005920611454455269,-0.009656235687582454
US337,2023-07,-0.01715785908491793,0.04271373105818877,-0.010871211258083475,0.004894886905062455
US338,2023-07,-0.006688552645214686,0.0015647857431429102,-0.00010126936743853498,-0.001741678756503437
US339,2023-07,-0.01759088070369052,0.018868452508578902,-0.013799370773998464,-0.00417393298970336
US340,2023-07,-0.008608526006666943,0.008625257456993473,-0.0040542035282700095,-0.0013458240259811597
US341,2023-07,-0.007433729544885264,0.004828024325268771,-0.0037404835168308665,-0.002115396245482453
US342,2023-07,-0.018844286752174907,-0.0054529071596281595,-0.011568956517292854,-0.011955383476365307
US343,2023-07,-0.011968729817462656,-0.0013557585149935841,-0.01028618389699135,-0.00787022407648253
US344,2023-07,-0.0024062923614241337,0.00556940028515578,-0.022881290106416437,-0.006572727394228264
US345,2023-07,-0.012910472152662432,0.008711249192661537,-0.004685330029242213,-0.002961517663081036
US346,2023-07,-0.0057951736519978436,-0.03195364467817175,-0.0035950240393357756,-0.013781280789835123
US347,2023-07,0.024356809608880037,0.08225631282108709,-0.006449402336656718,0.033387906697770135
US348,2023-07,-0.01040381758111121,0.012696160413342948,-0.007043510969488038,-0.0015837227124187666
US349,2023-07,-0.0039639584013117495,-0.00016734532190992984,-0.0010926641330675866,-0.0017413226187630885
US350,2023-07,-0.008168406655268147,0.015095233105528474,-0.0012230436571556242,0.0019012609310349012
US351,2023-07,0.0026896457538193985,-0.04501201933928759,-0.011758865954817656,-0.01802707984676195
US352,2023-07,-0.007119160184583797,-0.009571795678046622,-0.005633157447436037,-0.007441371103355485
US353,2023-07,-0.020054810550830394,-0.010182408294328768,-0.005832275514436214,-0.012023164786531792
US354,2023-07,-0.00417915568253399,-0.0050834796975395505,7.0486180277893144e-06,-0.0030851955873485836
US355,2023-07,-0.00016784240980613832,-0.04434242949463965,-0.016237165967415274,-0.02024914595728702
US356,2023-07,-0.005802392487282175,0.026281771182005725,0.012180281907764143,0.010886553534162563
US357,2023-07,-0.011723450725262428,-0.000863891256871373,-0.005685456387130293,-0.0060909327897546986
US358,2023-07,-0.007587917806035831,0.0020333215496493658,-0.0035524771637722705,-0.003035691140052912
US359,2023-07,-0.011067218160928349,-0.0007379138430243959,-0.003543235236801086,-0.005116122413584611
US360,2023-07,0.02338183878961092,0.06551419196016818,-0.004366710871743064,0.028176439959345347
US361,2023-07,-0.0037486621259696772,0.040875125693598954,0.013818661197590622,0.016981708255073297
US362,2023-07,-0.010267018083528192,-0.036413897623453366,-0.03189943196697209,-0.02619344922465122
US363,2023-07,-0.005588408705872386,-0.007842705870042656,-0.003274705446652319,-0.005568606674189121
US364,2023-07,-0.011391391902982799,0.015108237349318482,0.0024575723738085357,0.0020581392733814066
US365,2023-07,-0.013794174840558284,0.07095819901790625,0.0019314845291127508,0.01969850290215357
US366,2023-07,-0.013803988528928642,0.0010145919063087106,0.0025493570759972917,-0.0034133465155408798
US367,2023-07,-0.008070898207480054,-0.004924241991734646,-0.006547954486895922,-0.006514364895370207
US368,2023-07,-0.00792790129225643,0.009124121435191472,-0.009336429741425163,-0.002713403199496707
US369,2023-07,-0.009795784066904362,-0.0006291621258770247,-0.0021895792791947486,-0.0042048418239920456
US370,2023-07,-0.0167549040349479,0.042283445512427076,-0.004684494334683999,0.006948015714265059
US371,2023-07,-0.013934431392125671,0.01995463396204183,-0.0009883636286729938,0.0016772796470810555
US372,2023-07,0.0037231148740985674,-0.07087446209457689,-0.011912643868238725,-0.02635466369623901
US373,2023-07,-0.014085044951171048,0.017840398737882818,-0.0034011550653574264,0.00011806624045144782
US374,2023-07,-0.015524135801325603,-0.016313762079602532,-0.010908390957176895,-0.01424876294603501
US375,2023-07,-0.005432009509579316,-0.006603785247130766,-0.0030327118460611413,-0.005022835534257075
US376,2023-07,-0.010441341681363797,-0.010506924753111845,-0.004361286765318747,-0.008436517733264797
US377,2023-07,-0.015598692174329453,0.017322180851781367,-0.012283633796021457,-0.0035200483728565143
US378,2023-07,-0.017460949396941504,-0.010967513655095415,-0.006089393131176156,-0.011505952061071025
US379,2023-07,-0.010373747669894198,0.01566603430061665,-0.007946974093387418,-0.0008848958208883227
US380,2023-07,-0.014067685598337048,-0.004784438012531928,-0.013309660100266133,-0.01072059457037837
US381,2023-07,-0.011755131255098967,0.008956278965663667,-0.008668939322704445,-0.0038225972040465818
US382,2023-07,-0.018773315840574234,-0.0009937313795300626,-0.005996573306197232,-0.008587873508767175
US383,2023-07,-0.01738992571951297,0.013162889303464924,-0.007506248960259971,-0.003911095125436006
US384,2023-07,-0.012769700504654058,0.03860855431601262,0.002900474536932106,0.00957977611609689
US385,2023-07,-0.01566536209523319,0.006243622687891925,-0.010528822017806309,-0.006650187141715859
US386,2023-07,-0.00206882294487264,0.008059718086402339,0.0035187789730961,0.0031698913715419333
US387,2023-07,-0.008133830379537275,0.00399944474312957,0.0005297992760045035,-0.001201528786801067
US388,2023-07,-0.004546615373495492,-0.004919290650292058,0.0029561175057317827,-0.002169929506018589
US389,2023-07,-0.01479599766039435,0.007662571286576062,-0.005449402355114748,-0.004194276242977679
US390,2023-07,-0.011798883280721371,-0.01910631803731301,-0.006379422116342943,-0.01242820781145911
US391,2023-07,-0.015117633791030686,-0.006488813468766642,-0.006675802421116966,-0.009427416560304764
US392,2023-07,-0.00912209890915477,0.011233863730977772,-0.0020560670029560134,1.8565939622329643e-05
US393,2023-07,-0.019502210618908042,0.005943727186994677,-0.011796687566014472,-0.008451723665975946
US394,2023-07,-0.01773135277397378,0.005630344634024679,-0.007737542857668987,-0.006612850332539363
US395,2023-07,-0.00948032556730362,-0.0009470214693093452,0.000556872473530384,-0.0032901581876941944
US396,2023-07,-0.016302023352940793,-0.028932947275103916,-0.003240542975536586,-0.0161585045345271
US397,2023-07,-0.011447852960579794,0.005393045672521757,-0.0043462205984854865,-0.0034670092955145075
US398,2023-07,-0.012768349701764785,-0.0008978500414258521,-0.012186562407814763,-0.008617587383668466
US399,2023-07,-0.014434224334461477,0.010439186712832518,-0.010361915570467945,-0.004785651064032301
US400,2023-07,-0.009544776885988216,0.00481402517071121,-0.00510130305907291,-0.0032773515914499723
US401,2023-07,-0.009975177820605174,0.0143508672198843,-0.008273393545448045,-0.0012992347153896397
US402,2023-07,-0.013336605360279469,0.030111995636733356,0.002896956807815147,0.006557449028089679
US403,2023-07,-0.011676312783365813,0.017998160448589744,-0.003046718290356228,0.0010917097916225678
US404,2023-07,0.0028017158831444462,0.019118205013914938,0.009660645648872196,0.010526855515310527
US405,2023-07,-0.014785941826901862,-0.0015895542057092539,-0.00248470040612025,-0.0062867321462437885
US406,2023-07,0.0023460323875865944,0.052308547255793245,0.013033421226037704,0.02256266695647251
US407,2023-07,-0.013642280729402255,0.006184766070210001,-0.008795083952566432,-0.005417532870586228
US408,2023-07,0.0015805005877453926,-0.06052201600124271,-0.005591531192812879,-0.02151101553543673
US409,2023-07,-0.001140676884644129,-0.010044176211714717,0.0005697424885623831,-0.003538370202598821
US410,2023-07,-0.01396028926779226,0.013969909955789365,-0.009354560187091934,-0.0031149798330316093
US411,2023-07,-0.0018019878010049131,0.039618956402566845,0.004117797900419669,0.013978255500660534
US412,2023-07,-0.007861244143820742,-0.008793898568939031,-0.003147315331818713,-0.006600819348192829
US413,2023-07,-0.01248165289429992,-0.018415402019027426,-0.004471923836017165,-0.011789659583114837
US414,2023-07,-0.008138108301783444,-0.004663721522325771,-0.005626227508765175,-0.006142685777624797
US415,2023-07,-0.010899611603795585,0.006638892084724731,-0.00562946333967142,-0.0032967276195807575
US416,2023-07,-0.0018329366918546953,0.002510622603149798,-0.00802892411933196,-0.002450412736012286
US417,2023-07,-0.008272964573036858,0.0022911322322043764,-0.006544103104239533,-0.004175311815024005
US419,2023-07,-0.010915875481985202,0.031180037435791123,-0.008732055429679508,0.003844035508042137
US420,2023-07,-0.012382715028351253,-0.00946505516127573,-0.0037352299739604826,-0.008527666721195822
US421,2023-07,-0.004368430209723065,-0.005988603347096337,-0.003397773846522328,-0.00458493580111391
US422,2023-07,-0.009342239696001644,-0.004277163258934003,-0.01107876877476042,-0.008232723909898688
US423,2023-07,-0.017815760409723207,-0.00942676867147645,-0.006462524251581496,-0.011235017777593717
US424,2023-07,-0.009953069079774645,-0.03697922950362556,-0.004964117351740195,-0.017298805311713468
US425,2023-07,-0.012034526027551855,0.010184349661739058,-0.0038354265947184015,-0.001895200986843733
US426,2023-07,-0.010385592659872522,0.010457738387219783,-0.0008280693242322711,-0.00025197453229500324
US427,2023-07,0.03937135608072487,0.08125018519162669,-0.02787792977558019,0.030914537165590453
US428,2023-07,-0.01391306245234643,-0.016198808113834808,-0.004760312041663348,-0.011624060869281529
US429,2023-07,-0.0007764461121147221,0.04462046434580844,0.005820747095526786,0.01655492177640684
US430,2023-07,-0.015257878318388379,0.0034859037497810942,-0.013985789383739804,-0.008585921317449029
US431,2023-07,-0.017061784759437232,0.0025343157807788145,0.00245655671503339,-0.004023637421208342
US432,2023-07,-0.016169223651425202,0.013330406811036834,-0.006009892153807186,-0.0029495696647318507
US433,2023-07,-0.014782409212877217,0.002128794486076129,-0.0034580919172935995,-0.005370568881364896
US434,2023-07,-0.009847263142795574,-0.010474990641311998,-0.0064067692571830644,-0.008909674347096878
US435,2023-07,-0.001025450500268794,-0.043461563168734466,-0.01625729562346281,-0.02024810309748869
US436,2023-07,-0.012057247473093015,-0.0059534553290333725,-0.0014371741186317388,-0.006482625640252708
US437,2023-07,-0.0028230243816722133,0.005229835720637962,0.0033921454129397046,0.0019329855839684846
US438,2023-07,-0.012635903813499211,0.009774876932175847,-0.004940524866927744,-0.002600517249417036
US439,2023-07,-0.0051803438923108385,-0.0032404561876365713,-0.00020534035935036303,-0.0028753801464325907
US440,2023-07,0.00479014009414187,0.007987885971842395,0.03383877728517461,0.01553893445038629
US441,2023-07,-0.004994013208549331,0.004757481487556331,-0.0006541528955091897,-0.00029689487216739643
US442,2023-07,-0.0005142068275213393,-0.03642219839166597,-0.0025577351920934178,-0.013164713470426909
US443,2023-07,-0.013828320151500128,0.006493912820118425,-0.0055070819601198695,-0.004280496430500525
US444,2023-07,-0.012623818122645495,0.007654165968485419,-0.0051711629718403564,-0.0033802717086668112
US445,2023-07,-0.01124885672234387,0.011251001941158632,0.00012064042003158017,4.0928546282113964e-05
US446,2023-07,-0.010476252765122386,-0.010043612531567199,-0.005560022278283516,-0.008693295858324367
US447,2023-07,-0.014612393208239935,-0.010032998685242498,-0.0017367162949951066,-0.008794036062825847
US448,2023-07,-0.012656476963526961,0.008300618266195969,-0.00707249164284932,-0.0038094501133934373
US449,2023-07,-0.00618253014659491,0.017743679954936576,-0.0009753047147825684,0.003528615031186366
US450,2023-07,-0.0056671552812604265,0.007927051135376846,-0.0020859194976488534,5.799211882252204e-05
US451,2023-07,-0.016840708175586805,0.007943692676307911,-0.012497813587853844,-0.007131609695710912
US452,2023-07,-0.007604722560837345,-0.0038692285186685336,-0.0021408392914646474,-0.004538263456990176
US453,2023-07,-0.012085776785188544,-0.019794365078628483,-0.0045875544714439435,-0.012155898778420321
US454,2023-07,-0.010352496468928584,0.029225710172580605,0.0019736956047158266,0.006948969769455949
US455,2023-07,-0.01275522432050259,-0.0099464965179991,-0.017899856716297177,-0.013533859184932955
US456,2023-07,-0.012940401678286825,-0.02069038332038967,-0.0032467663548422366,-0.012292517117839576
US457,2023-07,0.0030343102543096082,0.035186405187578894,0.008673157900354314,0.015631291114080938
US458,2023-07,-0.016963858241411195,0.00812809154625253,-0.00821783636181769,-0.005684534352325452
US459,2023-07,-0.011793994353307831,-0.005404350503204435,-0.009035368656162468,-0.008744571170891578
US460,2023-07,-0.01054474093643927,0.0006044238815563724,-0.004599474416953915,-0.0048465971572789375
US461,2023-07,-0.0044381175350460995,-0.020795817115931477,-0.004594172254288741,-0.00994270230175544
US462,2023-07,-0.008945645277361233,0.009652455136002179,-0.002079420858324773,-0.0004575369998946091
US463,2023-07,-0.005933609163090025,0.015286414469894993,0.006630934081779441,0.005327913129528136
US464,2023-07,-0.008267848778990033,0.0022355301341650934,-0.0011658137723569236,-0.0023993774723939545
US465,2023-07,-0.01263770973626399,0.017849007617084408,-0.0038385756353947306,0.0004575740818085626
US466,2023-07,-0.001208938000562076,-0.07019338065274779,-0.020251297249056582,-0.030551205300788812
US467,2023-07,-0.014074521035187684,-0.004863572767364408,-0.009402929519129995,-0.009447007773894027
US469,2023-07,-0.009934603598510859,0.020817831547554136,-0.0032216552981849515,0.0025538575502861084
US470,2023-07,-0.008611024492931338,0.007250204949952927,-0.014613508831505995,-0.005324776124828135
US471,2023-07,-0.015753150931283377,0.004291313602248622,-0.005024965636607662,-0.005495600988547472
US472,2023-07,-0.008759684589502341,0.0067682136603681945,7.307256535126294e-05,-0.0006394661212609612
US473,2023-07,-0.014605156087239763,-0.01939571216842505,-0.000988933746888078,-0.011663267334184296
US474,2023-07,-0.016653010501062916,-0.00033366572469886404,-0.010965814036755606,-0.009317496754172462
US475,2023-07,-0.012791911709137528,0.005324047387655647,-0.003583856986783731,-0.003683907102755204
US476,2023-07,-0.01407913550394787,0.020133209365048,0.0003398186828010432,0.002131297514633725
US477,2023-07,-0.009964030178853287,-0.006059577768586222,-0.004203598081958718,-0.0067424020097994085
US478,2023-07,-0.020899836563131664,-0.005304298332388555,-0.01153127811770816,-0.01257847100440946
US479,2023-07,-0.0072674005204992655,2.127341588092212e-05,-0.006996111575771799,-0.004747412893463381
US480,2023-07,-0.008179729203466837,-0.0033134128550388483,-0.004833945780634722,-0.005442362613046803
US481,2023-07,-0.006074641361312432,-0.0009840646316370673,-0.00012469641198276918,-0.002394467468310756
US482,2023-07,-0.012725969345116358,0.0005841029450179052,-0.005243806148278561,-0.0057952241827923376
US483,2023-07,-0.017717937818386,0.005886636511938901,-0.005328692301659253,-0.005719997869368784
US484,2023-07,-0.006928914250929409,-0.015449113150343046,-0.03457719192231086,-0.018985073107861104
US485,2023-07,-0.012365778155118265,0.0071497853364206965,-0.004141721866174446,-0.003119238228290671
US486,2023-07,-0.01721850636071877,0.005510707293127804,-0.008172917521220346,-0.00662690552960377
US487,2023-07,-0.014667594178078136,0.036074913743001945,-0.006511063989890102,0.004965418525011236
US488,2023-07,-0.011989728815534123,-0.019948024423828925,-0.007289463848636386,-0.013075739029333145
US489,2023-07,-0.00963282246398703,0.00802933300350971,-0.004437211546996409,-0.0020135670024912433
US490,2023-07,-0.01113469338216726,0.010932543986072477,-0.0061031307814954005,-0.002101760059196728
US491,2023-07,0.0029577359642111722,-0.0033235681003084554,0.0007851331370040682,0.00013976700030226167
US492,2023-07,-0.01682498995570765,0.002852632315757868,-0.00869756707379008,-0.00755664157124662
US493,2023-07,-0.006349727410933037,-0.010099378883783462,-0.006210575684293782,-0.00755322732633676
US494,2023-07,0.0023254746378828274,-0.052063686281038316,-0.003506679595971544,-0.01774829707970901
US495,2023-07,-0.019095766329634466,0.008596728397386283,-0.005659324113607545,-0.005386120681951909
US496,2023-07,-0.006725204235028353,0.06521338258229607,0.006826853719757524,0.02177167735567508
US497,2023-07,-0.008602090956874163,-0.012782654432868253,-0.0062338173826962055,-0.009206187590812874
US498,2023-07,-0.016132399961385498,0.032248145639054066,-0.008834427682447724,0.002427105998406948
US499,2023-07,-0.010621994561431597,0.0017757721879751158,-0.00612740889289361,-0.004991210422116696
US500,2023-07,-0.012247189986830392,0.015107091869064353,-0.0070118833774282675,-0.0013839938317314355
US501,2023-07,-0.006804442921675735,-0.006111582783245342,-0.002503546627916724,-0.005139857444279267
US502,2023-07,0.007530745003443921,0.03173597180423073,0.008510001073855357,0.01592557262717667
US503,2023-07,-0.009550779029630085,0.04825124267857731,0.00406557897921977,0.014255347542722332
US504,2023-07,-0.003222729612822716,0.049549553613968185,0.008372152439947073,0.018232992147030846
US505,2023-07,0.01140647182824942,0.02260687593696131,0.015178422783570757,0.016397256849593828
US506,2023-07,0.001324792950679745,0.03161791934328973,0.03572943186679339,0.02289071472025429
US507,2023-07,0.0003547385919131837,0.0069786523008646085,-0.01639016381850885,-0.0030189243085770195
US508,2023-07,-0.00018897333614887463,-0.013918132761250937,-0.016191863034899112,-0.010099656377432974
US509,2023-07,0.00609478174632133,-0.007579265279434108,-0.015387171243115352,-0.005623884925409377
US510,2023-07,0.010802812267308651,-0.029637650267500683,0.001892851670640159,-0.0056473287765172915
US511,2023-07,0.008309536798482727,0.02834971976080107,0.01674118037224603,0.017800145643843277
US512,2023-07,0.005876427364852726,0.026971311580368605,0.002919829919264204,0.011922522954828513
US513,2023-07,0.01127547375171288,0.0006316110595007527,-0.020438498488509763,-0.00284380455909871
US514,2023-07,0.004841997590112439,0.06539683928349004,0.011505626074072723,0.02724815431589173
US515,2023-07,-0.008932177402973302,0.01630680827470298,-0.017474859231007445,-0.0033667427864259216
US516,2023-07,-0.005922169092016335,-0.00817000548927365,-0.005005667229322875,-0.006365947270204286
US517,2023-07,-0.0031636308114547044,0.008434285317150028,0.00939384771536622,0.004888167407020514
US518,2023-07,-0.009529257422039064,0.0002759845228780328,-0.0005801191773609229,-0.003277797358840652
US519,2023-07,-0.008110133524779085,0.031237764834443345,0.002130810671250633,0.008419480660304965
US520,2023-07,-0.013866502025316146,0.0058030199902349,-0.01298457160099808,-0.007016017878693108
US521,2023-07,-0.018363785183118667,-0.015376196903246105,-0.006764593819040438,-0.013501525301801737
US522,2023-07,-0.007545198393217165,0.03302396401022509,0.01176825151764259,0.012415672378216837
US524,2023-07,-0.014939245086851813,-0.006382889374404339,-0.009681875801700504,-0.010334670087652218
US525,2023-07,-0.009563976932331355,0.004613206197364919,-0.001015134104580454,-0.0019886349465156297
US526,2023-07,-0.01179535591245519,-0.014006046039705377,-0.01776268030539701,-0.014521360752519192
US527,2023-07,-0.014064822792448221,-0.012385171726591473,-0.005640210789986698,-0.010696735103008797
US528,2023-07,-0.008884410112337659,0.0043460745033410105,-0.005793853861964863,-0.0034440631569871705
US529,2023-07,-0.012558968592919864,0.011244518916119977,-0.004716925852496909,-0.0020104585097655988
US532,2023-07,0.013199219716613935,0.006976820623986747,-0.010704180148473191,0.0031572867307091638
US535,2023-07,-0.013968307521369195,-0.021703565061656514,-0.006391849233868907,-0.01402124060563154
US536,2023-07,-0.007873235428527236,-0.019922273464414778,-0.0038286369713660144,-0.010541381954769342
US537,2023-07,0.002585687201430273,0.006463923901282098,0.007614041408677926,0.0055545508371301
US538,2023-07,-0.006747519676208716,-0.018891701605041646,-0.00747982382959369,-0.011039681703614683
US539,2023-07,0.005284204926221777,-0.04365604478025044,-0.03557360903238387,-0.024648482962137508
US540,2023-07,-0.0012515526142187778,-0.015953045174628172,0.026083312194110593,0.002959571468421215
US541,2023-07,-0.012909927364594424,-0.00627389084238974,6.57369761530576e-05,-0.006372693743610369
US542,2023-07,-0.016870047070854967,0.007302364687709823,0.0021532503327671123,-0.002471477350126011
US543,2023-07,-0.013180911956924555,-0.02376122002013593,0.007181719382045027,-0.009920137531671818
US544,2023-07,-0.00646857410606126,-0.013784918417850083,-0.007305515674004042,-0.009186336065971796
US545,2023-07,0.0007263968305582427,0.0075444382631983135,-0.00617498585823633,0.0006986164118400751
US546,2023-07,-0.011499073253675973,-0.004440472996935998,-0.00311347718648751,-0.006351007812366493
US547,2023-07,-0.01680728378840384,-0.007893667686205372,-0.005532103909295895,-0.01007768512796837
US549,2023-07,-0.01375204092756037,-0.0051783815236674845,-0.00366959060654861,-0.0075333376859254885
US550,2023-07,-0.009310688232467909,-0.007777963185074435,-0.006426192559954008,-0.007838281325832117
US551,2023-07,0.0030425067596964433,-0.007210314917697121,0.0036525557143101506,-0.00017175081456350912
US552,2023-07,-0.007318852415472286,0.01790023078941325,-0.03698313427303543,-0.008800585299698155
US553,2023-07,0.004722991683445504,-0.003899200098145032,0.0032938993775701183,0.001372563654290197
US554,2023-07,0.007336491245977265,-0.005564711299604745,-0.0052421678747557,-0.0011567959761277266
US555,2023-07,0.010837959965474,-0.03234835673929389,-0.048999376213317736,-0.023503257662379207
US556,2023-07,0.02121590629179649,-0.05048060537655037,-0.00460004343081247,-0.011288247505188783
US557,2023-07,-0.011704058973798477,-0.020446189334833692,0.0025116444157163545,-0.009879534630971938
US558,2023-07,0.031311401358892564,-0.061503177700748354,-0.039798970719101004,-0.023330249020318928
US564,2023-07,0.0012008992278089194,-0.024366311455565448,-0.030734743697025464,-0.017966718641593996
US565,2023-07,-0.01123653115664251,-0.002469992197748714,-0.007570769517301802,-0.007092430957231009
US566,2023-07,-0.004292944848961663,-0.013742569130083253,-0.016337015518904614,-0.011457509832649843
US567,2023-07,-0.011899217176419239,-0.01764070053330664,-0.052771012508259545,-0.027436976739328475
US569,2023-07,-0.013035386468355956,-0.02523606838813315,-0.0064076928603556856,-0.014893049238948264
US570,2023-07,-0.004411961221313775,-0.008525722434853283,-0.003692813464372903,-0.005543499040179987
US571,2023-07,-0.0056078508774504345,-0.0023196270705103535,-0.00408902213581202,-0.004005500027924269
US572,2023-07,-0.005041552549746857,0.011125790075845788,-0.006012644643829485,2.3864294089815465e-05
US573,2023-07,0.001609232835550388,-0.009142196225585035,0.001288312410632715,-0.002081550326467311
US574,2023-07,0.004139225756888224,-0.01111493201490637,-0.027471310222340287,-0.011482338826786143
US575,2023-07,0.000884421934883234,-0.014561848066951585,-0.02570850701804202,-0.013128644383370124
US576,2023-07,-0.007997795072921738,0.03333885094233303,-0.003881553320593039,0.00715316751627275
US578,2023-07,-0.012018320150971354,-0.0030930650869651177,-0.007674939307260925,-0.0075954415150657996
US579,2023-07,-0.01052863452229048,0.0015242802724904395,-0.004205295021618156,-0.0044032164238060655
US580,2023-07,-0.00999920956333462,-0.004295775929114728,-0.005516181958981767,-0.006603722483810372
US581,2023-07,-0.006920176006991114,-0.008586759454628468,-0.006440198210592266,-0.007315711224070616
US582,2023-07,-0.007282724492569205,-0.005427565473970621,-0.003193757059270656,-0.005301349008603494
US583,2023-07,-0.003169609098968935,-0.0068431738217079605,-0.004102717780715009,-0.004705166900463968
US584,2023-07,-0.005492755571900107,-0.019891205223475053,-0.008063803475661647,-0.01114925475701227
US585,2023-07,-0.007813486978269788,-0.015809108498449166,-0.012175364401967466,-0.011932653292895473
US586,2023-07,-0.010964513538505567,-0.025270205333414748,-0.011393647136689392,-0.0158761220028699
US589,2023-07,-0.0074221019824362005,-0.009029347204107255,-0.005081402032315228,-0.0071776170729528944
US591,2023-07,-0.009666717912804473,0.0005701286069860012,-0.00483301295839542,-0.004643200754737964
US592,2023-07,-0.007082863389379933,-0.01182171632886801,-0.005360160281646226,-0.008088246666631391
US594,2023-07,0.004415809779019858,-0.047377993038418144,-0.08597451849271437,-0.042978900584037555
US595,2023-07,-0.008383443451686873,-0.031501328978804796,-0.004944730012440239,-0.014943167480977302
US596,2023-07,-0.0037952096816416727,-0.01473479817340097,-0.0116347623243749,-0.010054923393139181
US597,2023-07,-0.007879613225465803,0.004067192215407614,-0.005282120949312315,-0.0030315139864568346
US598,2023-07,0.004420390160402925,-0.10798523552693766,-0.032106034339302925,-0.045223626568612556
US599,2023-07,0.005090731188752078,-0.09654000377980423,-0.017254407897316637,-0.03623456016278959
US600,2023-07,0.003151310877189492,-0.1453755576194179,-0.016751377092485573,-0.05299187461157132
US601,2023-07,0.002678638039778806,-0.10923922020846039,-0.0173670982623278,-0.04130922681033646
US602,2023-07,0.012813634881439974,-0.08272448344041462,-0.025230416689953124,-0.03171375508297592
US603,2023-07,0.001974695109723909,-0.09962789160815419,-0.01579486487273501,-0.0378160204570551
US605,2023-07,0.0007986458427041467,-0.11626057237244941,-0.02020550074194075,-0.045222475757228674
US607,2023-07,-0.007850587946223798,-0.01866637165038219,-0.0029632088254339696,-0.009826722807346653
US608,2023-07,-0.00723978155722352,-0.014841079120934441,-0.005720066124983325,-0.009266975601047096
US609,2023-07,-0.008942369736259895,-0.028821297296229113,-0.007933028355809833,-0.015232231796099616
US610,2023-07,-0.002580501441393797,-0.03495845026635718,-0.004687183585930076,-0.014075378431227017
US611,2023-07,-0.00613605967225299,-0.03175439271309936,-0.010687052235623428,-0.016192501540325258
US612,2023-07,-0.007117652913395963,-0.023342649692174686,-0.004440617883105286,-0.011633640162891978
US613,2023-07,-0.009357531443939521,-0.003955560118255516,-0.005368028637157184,-0.00622704006645074
US614,2023-07,-0.007119502815771759,-0.007410864289777209,-0.006182967566762818,-0.006904444890770595
US615,2023-07,-0.0020705468340772087,-0.015475729440405135,0.00036533086428626785,-0.005726981803398691
US619,2023-07,-0.00015606076942594523,-0.008652048404389963,0.025771169508432442,0.005654353444872178
US620,2023-07,-0.009044537726848647,-0.019173285195300146,-0.004725900371645238,-0.010981241097931345
US621,2023-07,-0.006144291974604966,-0.01072879941606196,-0.006761571058076633,-0.007878220816247852
US622,2023-07,0.0011037803237979142,-0.008363977374009705,0.00948027996466086,0.0007400276381496895
US623,2023-07,-0.008443331984851843,-0.015198725398028676,-0.006620000230742923,-0.01008735253787448
US625,2023-07,-0.015029364851775898,-0.008734862704691336,-0.00618140076124042,-0.009981876105902551
US626,2023-07,-0.006202494716203559,-0.004843023333313729,-0.01130016590293459,-0.0074485613174839595
US627,2023-07,-0.0034335755163425966,0.006032623370551303,-0.0057083012729051445,-0.001036417806232146
US628,2023-07,0.003260907277800913,-0.02200788698182476,-0.011638461035116954,-0.010128480246380267
US630,2023-07,-0.0060222381131138005,-0.018526663070273865,-0.016694326411546462,-0.013747742531644708
US631,2023-07,-0.008804953375403988,-0.000594271167381193,-0.007860397226929846,-0.005753207256571676
US633,2023-07,-0.006004609652280838,0.01665924963603779,-0.00663931423714461,0.0013384419155374472
US634,2023-07,-0.006405488748365556,-0.0074477156722804186,-0.00834299202585977,-0.007398732148835248
US637,2023-07,-0.005033405524828534,-0.013047176640646132,0.004427472848788012,-0.0045510364388955515
US638,2023-07,-0.009091054025846713,0.004805733967686429,-0.004413931731764436,-0.002899750596641574
US641,2023-07,-0.014241100063119917,-0.029583629287458602,-0.009392403287429647,-0.017739044212669388
US642,2023-07,-0.008529074458970687,-0.022589744052270714,-0.003516113948014092,-0.011544977486418499
US643,2023-07,-0.01602629339614922,-0.02269793861687776,-0.016166621286524168,-0.018296951099850384
US644,2023-07,-0.01680713858187289,-0.030102181861041584,-0.007874111345894648,-0.01826114392960304
US646,2023-07,-0.007749375560944906,-0.029953585003785563,-0.018868794833392877,-0.01885725179937445
US647,2023-07,-0.015287627447491492,-0.003334386952069518,-0.00784042295773576,-0.008820812452432256
US648,2023-07,-0.014452808455492757,-0.03012647330430783,-0.019578765851960146,-0.021386015870586913
US649,2023-07,-0.015442707933311777,-0.0034755466945741915,-0.005340947734330281,-0.008086400787405417
US650,2023-07,-0.0176867685748993,-0.010422816102569302,-0.009457652292029719,-0.012522412323166107
